brand_id,brand_name_en,model_id,model_name_en,trim_id,trim_name
66,Acura,1503,ILX,,
66,Acura,1322,Integra,,
66,Acura,611,MDX,,
66,Acura,612,NSX,,
66,Acura,1079,RDX,,
66,Acura,610,TLX,,
65,Alfa Romeo,614,147,,
65,Alfa Romeo,621,156,,
65,Alfa Romeo,622,159,,
65,Alfa Romeo,626,166,,
65,Alfa Romeo,627,4C,,
65,Alfa Romeo,615,Brera,,
65,Alfa Romeo,625,GT Coupe,,
65,Alfa Romeo,619,Giulia,,
65,Alfa Romeo,620,Giulia Quadrifoglio,,
65,Alfa Romeo,613,Giulietta,,
65,Alfa Romeo,616,Giulietta QV,,
65,Alfa Romeo,617,Mito,,
65,Alfa Romeo,618,Spider,,
65,Alfa Romeo,623,Stelvio,,
65,Alfa Romeo,624,Stelvio Quadrifoglio,,
64,Aston Martin,632,DB11,,
64,Aston Martin,629,DB11 Volante,,
64,Aston Martin,604,DB7,,
64,Aston Martin,579,DB9,,
64,Aston Martin,631,DB9 Volante,,
64,Aston Martin,607,DBS,,
64,Aston Martin,1242,DBX,,
64,Aston Martin,580,One-77,,
64,Aston Martin,628,Rapide,,
64,Aston Martin,583,V12 Vantage,,
64,Aston Martin,581,V12 Vantage Roadster,,
64,Aston Martin,633,V8 Vantage,,
64,Aston Martin,582,V8 Vantage Roadster,,
64,Aston Martin,1401,V8 Vantage S,,
64,Aston Martin,606,Vanquish,,
64,Aston Martin,630,Vanquish Volante,,
64,Aston Martin,584,Zagato,,
63,Audi,1317,80,,
63,Audi,591,A1,,
63,Audi,593,A3,6523,Premium Plus
63,Audi,593,A3,5077,S-line
63,Audi,593,A3,5074,TFSI
63,Audi,589,A4,5067,S-Line
63,Audi,589,A4,5068,Standard
63,Audi,589,A4,5065,TFSI
63,Audi,599,A5,5122,Premium Plus
63,Audi,599,A5,5120,Standard
63,Audi,587,A6,5861,Premium Plus
63,Audi,587,A6,5061,S-Line
63,Audi,587,A6,5064,TFSI
63,Audi,594,A7,5081,S-Line
63,Audi,585,A8,5060,TFSI
63,Audi,673,Q2,,
63,Audi,605,Q3,5098,S-Line
63,Audi,1450,Q4 e-tron,,
63,Audi,635,Q5,5102,Standard
63,Audi,596,Q7,6129,Premium Plus
63,Audi,596,Q7,5088,S-Line
63,Audi,596,Q7,5536,SQ7
63,Audi,596,Q7,5087,Standard
63,Audi,597,Q8,5962,Premium Plus S-Line
63,Audi,668,R8,,
63,Audi,1567,RS e-tron,,
63,Audi,1687,RS3,,
63,Audi,600,RS5,,
63,Audi,666,RS6,,
63,Audi,1463,RS7,,
63,Audi,1515,RSQ8,,
63,Audi,1187,S4,,
63,Audi,601,S5,,
63,Audi,636,S6,,
63,Audi,595,S7,,
63,Audi,586,S8,,
63,Audi,1499,SQ5,,
63,Audi,1498,SQ5 Sportback,,
63,Audi,1202,SQ8,,
63,Audi,669,TT,5110,S-Line
132,Austin,1790,12,,
132,Austin,1528,A55 Cambridge,,
132,Austin,1752,Sprite,,
118,Avatr,1736,07,,
118,Avatr,1446,11,,
118,Avatr,1308,12,,
62,BAIC,675,A1 Hatchback,,
62,BAIC,677,A1 Sedan,,
62,BAIC,1313,A315,,
62,BAIC,676,A5 Sedan,,
62,BAIC,1293,BJ20,,
62,BAIC,1688,BJ30e,,
62,BAIC,1021,BJ40L,,
62,BAIC,1695,BJ60,,
62,BAIC,1249,BJ80,,
62,BAIC,1330,D20,,
62,BAIC,1235,D50,,
62,BAIC,1376,Q35,,
62,BAIC,1129,Senova X65,,
62,BAIC,1222,U5 PLUS,6747,Honor
62,BAIC,1222,U5 PLUS,6748,Luxury 
62,BAIC,1128,X25,,
62,BAIC,1223,X3,,
62,BAIC,1080,X35,,
62,BAIC,1357,X55,,
62,BAIC,1397,X7,6894,Elite
62,BAIC,1397,X7,6892,Honor
62,BAIC,1397,X7,6893,Luxury
147,BAW,1641,F7 Pick up,,
60,BMW,688,1-Series,4744,116i
60,BMW,577,2-Series,4672,228i
60,BMW,577,2-Series,4671,230i
60,BMW,577,2-Series,4669,240i
60,BMW,656,3-Series,4699,320i
60,BMW,656,3-Series,4698,323i
60,BMW,656,3-Series,4703,328i
60,BMW,656,3-Series,5713,330e
60,BMW,656,3-Series,4702,330i
60,BMW,656,3-Series,4706,340i
60,BMW,656,3-Series,6137,E36
60,BMW,656,3-Series,4705,M3
60,BMW,656,3-Series,5485,M340i
60,BMW,652,4-Series,4696,428i
60,BMW,652,4-Series,4695,430i
60,BMW,652,4-Series,6148,430i Gran Coupe M Sport
60,BMW,652,4-Series,4694,435i
60,BMW,652,4-Series,4693,440i
60,BMW,652,4-Series,4692,M4
60,BMW,640,5-Series,4677,520i
60,BMW,640,5-Series,4678,523i
60,BMW,640,5-Series,6650,525Li
60,BMW,640,5-Series,4685,525i
60,BMW,640,5-Series,4684,528i
60,BMW,640,5-Series,5528,530d
60,BMW,640,5-Series,5877,530e
60,BMW,640,5-Series,4683,530i
60,BMW,640,5-Series,4682,535i
60,BMW,640,5-Series,4681,540i
60,BMW,640,5-Series,4680,550i
60,BMW,640,5-Series,4679,M5
60,BMW,640,5-Series,5948,M550i
60,BMW,662,6-Series,4729,630i
60,BMW,662,6-Series,4728,640i
60,BMW,662,6-Series,4726,650i
60,BMW,662,6-Series,4725,M6
60,BMW,665,7-Series,6596,730Li 
60,BMW,665,7-Series,4732,730i
60,BMW,665,7-Series,4731,735i
60,BMW,665,7-Series,4737,740i
60,BMW,665,7-Series,4736,745
60,BMW,665,7-Series,4735,750i
60,BMW,665,7-Series,6118,760i
60,BMW,665,7-Series,6123,760i xDrive Entertainment
60,BMW,689,8-Series,4747,850i
60,BMW,689,8-Series,5723,M8
60,BMW,689,8-Series,5980,M850i xDrive
60,BMW,547,X1,4665,sDrive20i
60,BMW,547,X1,4667,sDrive28i
60,BMW,547,X1,4666,xDrive28i
60,BMW,492,X2,4663,sDrive28i
60,BMW,492,X2,4662,xDrive 28i
60,BMW,492,X2,6399,xDrive20i 
60,BMW,659,X3,4711,30i
60,BMW,659,X3,4708,X3M
60,BMW,659,X3,6138,sDrive30i
60,BMW,659,X3,4713,xDrive20i
60,BMW,659,X3,6124,xDrive30i
60,BMW,660,X4,4718,xDrive28i
60,BMW,660,X4,4717,xDrive30i
60,BMW,660,X4,6122,xDrive30i M Sport
60,BMW,644,X5,4688,40i
60,BMW,644,X5,6189,M Competition
60,BMW,644,X5,4686,X5M
60,BMW,644,X5,6316,sDrive40i
60,BMW,644,X5,4690,xDrive30d
60,BMW,644,X5,4691,xDrive30i
60,BMW,644,X5,6162,xDrive40i
60,BMW,644,X5,6119,xDrive40i M Sport
60,BMW,644,X5,5775,xDrive45e
60,BMW,637,X6,6520, M Competition
60,BMW,637,X6,4676,M
60,BMW,637,X6,5949,M50i
60,BMW,637,X6,5946,M60i
60,BMW,637,X6,5412,xDrive30d
60,BMW,637,X6,4674,xDrive35i
60,BMW,637,X6,4675,xDrive40i
60,BMW,637,X6,4673,xDrive50i
60,BMW,691,X7,4749,M50i
60,BMW,691,X7,6080,M60i
60,BMW,691,X7,4751,xDrive40i
60,BMW,1161,XM,6350,Label
60,BMW,1529,Z3,,
60,BMW,661,Z4,,
60,BMW,1261,i3,,
60,BMW,1352,i4,6526,eDrive35
60,BMW,1352,i4,6720,eDrive40
60,BMW,1347,i5,6113,eDrive40 M Sport package
60,BMW,578,i8,,
60,BMW,1334,iX,,
60,BMW,1349,iX1,,
60,BMW,1510,iX3,,
56,BYD,1598,ATTO 3,6580,Type 20
56,BYD,1694,ATTO 8,6781,Type 10
56,BYD,1694,ATTO 8,6752,Type 30 
56,BYD,1547,Destroyer 05,,
56,BYD,996,F0,,
56,BYD,1355,F1,,
56,BYD,502,F3,,
56,BYD,503,F6,,
56,BYD,1000,G3,,
56,BYD,1595,HAN,6587,Flagship
56,BYD,1595,HAN,6571,Premium
56,BYD,1693,Leopard 3,,
56,BYD,1631,Leopard 5,,
56,BYD,1681,Leopard 7,,
56,BYD,1683,Leopard 8,,
56,BYD,1762,M9,,
56,BYD,1573,QIN L DM-i,,
56,BYD,1493,Qin Plus,6578,Type 10 
56,BYD,1493,Qin Plus,6577,Type 20 
56,BYD,1493,Qin Plus,6576,Type 30 
56,BYD,1476,S6,,
56,BYD,1597,SEAL 7,6780,Type 10
56,BYD,1597,SEAL 7,6779,Type 20
56,BYD,1599,SEAL EV,6585,Comfort
56,BYD,1599,SEAL EV,6584,Luxury
56,BYD,1596,SEALION 7,6572,AWD
56,BYD,1559,SONG PLUS,6581,AWD Type 10
56,BYD,1559,SONG PLUS,6582,Type 40
56,BYD,1578,SONG PRO DM-i,,
56,BYD,1356,Seagull,,
56,BYD,1548,Seal 05 DM-i,6953,Flagship
56,BYD,1633,Seal 6,6943,Type 20
56,BYD,1634,Sealion 05 DM-i,,
56,BYD,1644,Sealion 06 DM-i,,
56,BYD,1733,Sealion 5,,
56,BYD,1662,Shark 6,6688,Flagship 
56,BYD,1650,Song L DM-i,,
56,BYD,1744,Tang,,
56,BYD,1664,Tang L,,
56,BYD,1781,Ti 7,6942,Type 20
56,BYD,1590,e2,,
61,Bentley,685,Arnage,,
61,Bentley,679,Azure,,
61,Bentley,687,Bentayga,,
61,Bentley,681,Brooklands,,
61,Bentley,682,Continental,,
61,Bentley,680,Continental GT,,
61,Bentley,678,Continental GTC,,
61,Bentley,683,Flying Spur,,
61,Bentley,684,Mulsanne,,
103,Bestune,1113,B70,,
103,Bestune,1183,B70S,5972,Limo
103,Bestune,1759,E07,,
103,Bestune,1489,Pony,,
103,Bestune,1185,T55,5973,Limousin
103,Bestune,1115,T77,5792,Premium
103,Bestune,1114,T99,,
59,Borgward,494,BX5,,
59,Borgward,493,BX7,,
58,Brilliance,1150,BS2,,
58,Brilliance,1523,BS4,,
58,Brilliance,498,FRV,,
58,Brilliance,499,FRV Cross,,
58,Brilliance,495,FSV,,
58,Brilliance,496,H530,,
58,Brilliance,497,V5,,
57,Bugatti,500,Chiron,,
57,Bugatti,501,Veyron,,
102,Buick,1106,Electra,,
102,Buick,1310,Enclave,,
102,Buick,1137,Encore,,
102,Buick,1275,Encore GX,,
102,Buick,1291,Envision,,
102,Buick,1324,Envista,,
102,Buick,1203,LaCrosse,,
102,Buick,1431,Regal,,
102,Buick,1541,Special,,
102,Buick,1698,Verano,,
141,CEVO Mobility,1608,CEVO-C SE,,
48,CMC,1725,Varica,,
48,CMC,541,Z7,,
55,Cadillac,465,ATS,,
55,Cadillac,489,ATS Coupe,,
55,Cadillac,466,ATS-V,,
55,Cadillac,475,ATS-V Coupe,,
55,Cadillac,468,BLS,,
55,Cadillac,464,CT4,,
55,Cadillac,513,CT5,,
55,Cadillac,504,CT6,,
55,Cadillac,514,CTS,,
55,Cadillac,510,CTS Coupe,,
55,Cadillac,515,CTS-V,,
55,Cadillac,511,CTS-V Coupe,,
55,Cadillac,505,DTS,,
55,Cadillac,1091,DeVille,,
55,Cadillac,1061,Eldorado,,
55,Cadillac,509,Escalade,5545,600
55,Cadillac,509,Escalade,5330,Base
55,Cadillac,509,Escalade,5329,ESV
55,Cadillac,509,Escalade,5335,Platinum
55,Cadillac,509,Escalade,5434,Platinum VIP
55,Cadillac,509,Escalade,5527,Premium Luxury
55,Cadillac,509,Escalade,5947,Premium Luxury Platinum
55,Cadillac,509,Escalade,5535,Sport
55,Cadillac,509,Escalade,5889,V
55,Cadillac,1416,Fleetwood,,
55,Cadillac,1442,Lyriq,,
55,Cadillac,1742,Optiq,,
55,Cadillac,506,SLS,,
55,Cadillac,491,SRX,,
55,Cadillac,507,STS,,
55,Cadillac,1311,Seville,,
55,Cadillac,490,XLR,,
55,Cadillac,467,XT4,,
55,Cadillac,512,XT5,,
55,Cadillac,516,XT6,,
55,Cadillac,508,XTS,,
53,Changan,470,Alsvin,6898,STD
53,Changan,1064,CM5,,
53,Changan,1345,CS15,,
53,Changan,474,CS35,,
53,Changan,1482,CS35 Plus,,
53,Changan,1782,CS55,,
53,Changan,472,CS75,,
53,Changan,1303,CS75 Plus,6899,STD
53,Changan,1015,CS85,,
53,Changan,473,CS95,,
53,Changan,1153,E-Star,,
53,Changan,471,Eado,,
53,Changan,1302,Eado Plus,6900,Lamore
53,Changan,1027,Hunter,6082,Plus
53,Changan,1601,Raeton,,
53,Changan,1102,STAR 9,,
53,Changan,1138,Star Truck,,
53,Changan,1065,UNI-K,6897,STD
53,Changan,1309,UNI-S,,
53,Changan,1066,UNI-T,,
53,Changan,1245,UNI-V,,
53,Changan,1714,UNI-Z,,
53,Changan,1704,Victory,,
53,Changan,1686,X5 Plus,,
52,Chery,1218,A1,,
52,Chery,477,A11 Windcloud,,
52,Chery,1002,A3,,
52,Chery,1306,A5,,
52,Chery,1008,A515,,
52,Chery,1248,A520,,
52,Chery,487,Arrizo 3,,
52,Chery,476,Arrizo 5,6196,Comfort
52,Chery,476,Arrizo 5,6195,Luxury
52,Chery,476,Arrizo 5,6197,Standard
52,Chery,1033,Arrizo 6,5687,Luxury
52,Chery,488,Arrizo 7,,
52,Chery,1374,Arrizo 8,6216,Luxury
52,Chery,484,B11 Oriental Son,,
52,Chery,1240,Cowin,,
52,Chery,1592,Cowin 1,,
52,Chery,478,E5,,
52,Chery,485,E8,,
52,Chery,1280,Eastar,,
52,Chery,1005,Fulwin 2,,
52,Chery,1612,Karry Yoki,,
52,Chery,1329,P10,,
52,Chery,1737,QQ6,,
52,Chery,1584,Rely H5,,
52,Chery,486,S11 QQ,,
52,Chery,482,T11 Tiggo,,
52,Chery,1034,Tiggo 2,,
52,Chery,1037,Tiggo 2 Pro,5684,Comfort
52,Chery,479,Tiggo 3,,
52,Chery,1085,Tiggo 4 Pro,5682,Comfort
52,Chery,480,Tiggo 5,,
52,Chery,481,Tiggo 7,,
52,Chery,1084,Tiggo 7 Pro,5681,Luxury
52,Chery,1729,Tiggo 7 Pro Hybrid,6831,Flagship
52,Chery,1288,Tiggo 7 Pro Max,6241,Comfort
52,Chery,1288,Tiggo 7 Pro Max,6211,Luxury
52,Chery,1029,Tiggo 8,,
52,Chery,1083,Tiggo 8 Pro,5678,Comfort
52,Chery,1083,Tiggo 8 Pro,5679,Luxury
52,Chery,1407,Tiggo 8 Pro Max,6172,Ultimate 
52,Chery,1432,Tiggo 9,,
52,Chery,483,V5 Crossover,,
52,Chery,1067,X1,,
51,Chevrolet,1469,Astro,,
51,Chevrolet,556,Avalanche,5216,LTZ
51,Chevrolet,574,Aveo,5277,Base
51,Chevrolet,574,Aveo,5276,LS
51,Chevrolet,574,Aveo,5275,LT
51,Chevrolet,958,Bel Air,,
51,Chevrolet,562,Blazer,6004,2LT
51,Chevrolet,562,Blazer,5916,3LT
51,Chevrolet,562,Blazer,5241,LT
51,Chevrolet,562,Blazer,5239,Premier
51,Chevrolet,562,Blazer,5240,RS
51,Chevrolet,517,Bolt,,
51,Chevrolet,1531,C/K,,
51,Chevrolet,1197,C10,,
51,Chevrolet,567,CSV CR8,,
51,Chevrolet,569,Camaro,5263,LS
51,Chevrolet,569,Camaro,5264,LT
51,Chevrolet,569,Camaro,5267,LT RS
51,Chevrolet,569,Camaro,5262,RS
51,Chevrolet,569,Camaro,5261,SS
51,Chevrolet,569,Camaro,5265,ZL1 SS
51,Chevrolet,553,Caprice,,
51,Chevrolet,520,Captiva,5187,LS
51,Chevrolet,520,Captiva,5186,LT
51,Chevrolet,520,Captiva,5580,Premier
51,Chevrolet,959,Celebrity,,
51,Chevrolet,960,Cobalt,5283,LT
51,Chevrolet,960,Cobalt,5282,LTZ
51,Chevrolet,557,Colorado,5219,LT
51,Chevrolet,557,Colorado,5221,Standard
51,Chevrolet,557,Colorado,5222,WT
51,Chevrolet,1784,Corsica,,
51,Chevrolet,961,Corvair,,
51,Chevrolet,570,Corvette,6104,C8
51,Chevrolet,570,Corvette,5271,Stingray
51,Chevrolet,518,Cruze,5182,L
51,Chevrolet,518,Cruze,5180,LS
51,Chevrolet,518,Cruze,5179,LT
51,Chevrolet,518,Cruze,5178,LT Premium
51,Chevrolet,560,Epica,5233,LS
51,Chevrolet,560,Epica,5232,LT
51,Chevrolet,550,Equinox,5193,L
51,Chevrolet,550,Equinox,5192,LS
51,Chevrolet,550,Equinox,5191,LT
51,Chevrolet,550,Equinox,5190,LTZ
51,Chevrolet,550,Equinox,5194,Premier
51,Chevrolet,550,Equinox,5997,RS
51,Chevrolet,962,Express,5285,EXT
51,Chevrolet,1090,Groove,,
51,Chevrolet,963,HHR,,
51,Chevrolet,566,Impala,5258,LT
51,Chevrolet,566,Impala,5569,LT2
51,Chevrolet,566,Impala,5257,LTZ
51,Chevrolet,566,Impala,5255,Premier
51,Chevrolet,566,Impala,5260,Standard
51,Chevrolet,1526,K5 Blazer,,
51,Chevrolet,1430,LUV D-Max,,
51,Chevrolet,561,Lumina,5235,S
51,Chevrolet,559,Malibu,5227,LS
51,Chevrolet,559,Malibu,5226,LT
51,Chevrolet,559,Malibu,5225,LTZ
51,Chevrolet,559,Malibu,5230,Premier
51,Chevrolet,559,Malibu,5231,RS
51,Chevrolet,1743,Metro,,
51,Chevrolet,964,Monte Carlo,,
51,Chevrolet,1558,N300,,
51,Chevrolet,965,Nova,,
51,Chevrolet,549,Onix,,
51,Chevrolet,519,Optra,5184,LS
51,Chevrolet,519,Optra,5183,LT
51,Chevrolet,1200,Orlando,,
51,Chevrolet,1120,SS,,
51,Chevrolet,969,SSR,,
51,Chevrolet,968,Sail,,
51,Chevrolet,552,Silverado,5199,Custom
51,Chevrolet,552,Silverado,5202,High Country
51,Chevrolet,552,Silverado,5198,LT
51,Chevrolet,552,Silverado,5201,LTZ
51,Chevrolet,552,Silverado,5197,RST
51,Chevrolet,552,Silverado,5967,Z71
51,Chevrolet,552,Silverado,6153,ZR2
51,Chevrolet,1788,Silverado EV,,
51,Chevrolet,575,Sonic,5278,LT
51,Chevrolet,565,Spark,5254,Base
51,Chevrolet,565,Spark,5253,LS
51,Chevrolet,565,Spark,5252,LT
51,Chevrolet,554,Suburban,5210,LT
51,Chevrolet,554,Suburban,5208,Premier
51,Chevrolet,558,T-Series,,
51,Chevrolet,555,Tahoe,5821, High Country
51,Chevrolet,555,Tahoe,5215,LS
51,Chevrolet,555,Tahoe,5214,LT
51,Chevrolet,555,Tahoe,5213,LTZ
51,Chevrolet,555,Tahoe,5212,Premier
51,Chevrolet,555,Tahoe,5663,RST
51,Chevrolet,555,Tahoe,5508,Z71 
51,Chevrolet,970,Tracker,,
51,Chevrolet,563,Trailblazer,5245,LS
51,Chevrolet,563,Trailblazer,5244,LT
51,Chevrolet,563,Trailblazer,5787,RS
51,Chevrolet,563,Trailblazer,5242,SS
51,Chevrolet,564,Traverse,5251,LS
51,Chevrolet,564,Traverse,5250,LT
51,Chevrolet,564,Traverse,5248,Premier
51,Chevrolet,564,Traverse,6498,Z71
51,Chevrolet,546,Trax,6438,1RS
51,Chevrolet,546,Trax,5826,LS 
51,Chevrolet,546,Trax,5189,LT
51,Chevrolet,546,Trax,5188,LTZ
51,Chevrolet,546,Trax,5576,Premier
51,Chevrolet,551,Uplander,,
51,Chevrolet,1365,Venture,,
50,Chrysler,524,200,5396,C
50,Chrysler,524,200,5399,LX
50,Chrysler,524,200,5398,Limited
50,Chrysler,524,200,5397,S
50,Chrysler,527,300,5393,C
50,Chrysler,527,300,5392,Limited
50,Chrysler,527,300,5752,Platinum
50,Chrysler,527,300,5394,S
50,Chrysler,527,300,5459,Touring
50,Chrysler,1413,300M,,
50,Chrysler,1630,Aspen,,
50,Chrysler,1238,Concorde,,
50,Chrysler,528,Crossfire,,
50,Chrysler,1382,Grand Caravan,,
50,Chrysler,523,Grand Voyager,,
50,Chrysler,1159,New Yorker,,
50,Chrysler,521,PT Cruiser,,
50,Chrysler,522,Pacifica,5591,Limited
50,Chrysler,522,Pacifica,6561,Touring
50,Chrysler,522,Pacifica,6588,Touring L
50,Chrysler,1533,Saratoga,,
50,Chrysler,525,Sebring,,
50,Chrysler,1001,Town and Country,,
50,Chrysler,1414,Voyager,,
49,Citroen,540,C-Elysee,,
49,Citroen,536,C2,,
49,Citroen,538,C3,,
49,Citroen,530,C4,,
49,Citroen,532,C4 Picasso,,
49,Citroen,534,C5,,
49,Citroen,533,C8,,
49,Citroen,535,DS3,,
49,Citroen,531,DS4,,
49,Citroen,537,DS5,,
49,Citroen,539,Saxo,,
49,Citroen,529,Xsara Picasso,,
151,DENZA,1665,B5,6698,Flagship 
151,DENZA,1666,B8,6700,Flagship 
139,DFSK,1585,E5 Plus,,
137,Dadi Auto,1564,Smoothing,,
113,Daewoo,1323,Cielo,,
113,Daewoo,1312,Espero,,
113,Daewoo,1361,Gentra,,
113,Daewoo,1593,Gentra X,,
113,Daewoo,1640,Kalos,,
113,Daewoo,1295,Lacetti,,
113,Daewoo,1420,Lanos,,
113,Daewoo,1319,LeMans,,
113,Daewoo,1417,Leganza,,
113,Daewoo,1403,Magnus,,
113,Daewoo,1777,Matiz,,
113,Daewoo,1233,Nubira,,
113,Daewoo,1262,Prince,,
113,Daewoo,1492,Tacuma,,
113,Daewoo,1723,Tosca,,
67,Daihatsu,1761,Applause,,
67,Daihatsu,544,Charade,,
67,Daihatsu,1730,Feroza,,
67,Daihatsu,542,Gran Max Pickup,,
67,Daihatsu,543,Gran Max Van,,
67,Daihatsu,545,Materia,,
67,Daihatsu,634,Sirion,,
67,Daihatsu,1540,Taft F20,,
67,Daihatsu,693,Terios,,
67,Daihatsu,692,YRV,,
144,Deepal,1758,G318,,
144,Deepal,1754,S05,,
144,Deepal,1627,S07,,
68,Dodge,849,Avenger,5328,RT
68,Dodge,849,Avenger,5326,SXT
68,Dodge,694,Caliber,,
68,Dodge,973,Caravan,6030,SE
68,Dodge,973,Caravan,5676,SXT
68,Dodge,846,Challenger,5456,GT
68,Dodge,846,Challenger,5759,GT Plus
68,Dodge,846,Challenger,6355,Hellcat Redeye
68,Dodge,846,Challenger,5325,RT
68,Dodge,846,Challenger,5411,RT Shaker
68,Dodge,846,Challenger,5324,SRT
68,Dodge,846,Challenger,5323,SXT
68,Dodge,846,Challenger,6254,SXT Plus
68,Dodge,846,Challenger,5811,Scat Pack
68,Dodge,846,Challenger,5435,Scat Pack Wide Body
68,Dodge,846,Challenger,5800,T/A
68,Dodge,844,Charger,5450,Daytona
68,Dodge,844,Charger,5409,GT
68,Dodge,844,Charger,5407,GT Plus
68,Dodge,844,Charger,5694,Hellcat
68,Dodge,844,Charger,5912,Hellcat Redeye
68,Dodge,844,Charger,5320,RT
68,Dodge,844,Charger,5762,Rallye 
68,Dodge,844,Charger,5517,Rallye Plus
68,Dodge,844,Charger,5319,SE
68,Dodge,844,Charger,5318,SRT
68,Dodge,844,Charger,5321,SXT
68,Dodge,844,Charger,5654,SXT Plus
68,Dodge,844,Charger,5697,Scat Pack
68,Dodge,844,Charger,5426,Scat Pack Wide Body
68,Dodge,848,Dakota,,
68,Dodge,840,Dart,,
68,Dodge,845,Durango,5577,Citadel
68,Dodge,845,Durango,5454,GT
68,Dodge,845,Durango,5954,GT Plus
68,Dodge,845,Durango,5467,Limited
68,Dodge,845,Durango,5531,R/T
68,Dodge,845,Durango,5589,SRT
68,Dodge,845,Durango,5653,SXT
68,Dodge,1773,Dynasty,,
68,Dodge,1228,Grand Caravan,6589,GT
68,Dodge,1196,Hornet,6001,GT
68,Dodge,1196,Hornet,6234,R/T
68,Dodge,1486,Intrepid,,
68,Dodge,972,Journey,5638,Crossroad
68,Dodge,972,Journey,5637,GT
68,Dodge,972,Journey,5636,SE
68,Dodge,972,Journey,5639,SXT
68,Dodge,1251,Magnum,,
68,Dodge,841,Neon,,
68,Dodge,842,Nitro,5307,SE
68,Dodge,843,Ram,5313,SLT
68,Dodge,1660,Spirit,,
68,Dodge,1412,Stratus,,
68,Dodge,851,Viper,,
69,Dongfeng,983,AX7,,
69,Dongfeng,1740,Ace 007,,
69,Dongfeng,1741,Ace 008,,
69,Dongfeng,1075,Aeolus A30,,
69,Dongfeng,1691,Aeolus A60,,
69,Dongfeng,1118,Aeolus A60 MAX,,
69,Dongfeng,1205,Aeolus Huge,6693,E2 
69,Dongfeng,1073,Aeolus Yixuan GS,,
69,Dongfeng,1337,C32,,
69,Dongfeng,1336,C35,,
69,Dongfeng,1314,C37,,
69,Dongfeng,1787,Fengguang S560,,
69,Dongfeng,1512,Forthing Friday,,
69,Dongfeng,1353,Glory,,
69,Dongfeng,853,H30 Cross,,
69,Dongfeng,1436,Mage,6694,E2 
69,Dongfeng,1209,Rich,,
69,Dongfeng,852,S30,,
69,Dongfeng,1368,Shine,6909,E2
69,Dongfeng,1068,T5 EVO,,
69,Dongfeng,1072,T5L,,
69,Dongfeng,1125,Venucia,,
69,Dongfeng,1142,iX5,,
69,Dongfeng,1354,ix7,,
146,EXEED,1732,Exlantix ES,6848,Comfort
146,EXEED,1732,Exlantix ES,6847,Flagship
146,EXEED,1731,Exlantix ET,,
146,EXEED,1651,LX,6844,Comfort
146,EXEED,1651,LX,6843,Luxury
146,EXEED,1715,RX,6918,Comfort
146,EXEED,1715,RX,6842,Flagship
146,EXEED,1638,VX,6919,Comfort
146,EXEED,1638,VX,6840,Flagship
70,FAW,1272,Bestune B50,,
70,FAW,981,Besturn B30,,
70,FAW,855,Besturn X40,,
70,FAW,854,Besturn X80,,
70,FAW,1524,Carrier,,
70,FAW,1370,N5,,
70,FAW,1231,Oley,,
70,FAW,1479,V2,,
70,FAW,1779,V52,,
70,FAW,1429,V80,,
90,Ferrari,813,360,,
90,Ferrari,814,458,,
90,Ferrari,865,458 Spider,,
90,Ferrari,815,488 GTB,,
90,Ferrari,838,488 Spider,,
90,Ferrari,860,599 GTB Fiorano,,
90,Ferrari,861,612 Scaglietti,,
90,Ferrari,859,812 Superfast,,
90,Ferrari,857,California,,
90,Ferrari,858,California T,,
90,Ferrari,862,F12 Berlinetta,,
90,Ferrari,816,F430,,
90,Ferrari,836,F430 Spider,,
90,Ferrari,811,F8 Tributo,,
90,Ferrari,839,FF,,
90,Ferrari,863,GTC4Lusso,,
90,Ferrari,864,GTC4Lusso T,,
90,Ferrari,812,LaFerrari,,
90,Ferrari,856,Portofino,,
90,Ferrari,1391,Roma,,
89,Fiat,1004,124 Spider,,
89,Fiat,823,500,,
89,Fiat,821,500L,,
89,Fiat,825,500X,,
89,Fiat,819,Bravo,,
89,Fiat,818,Ducato,,
89,Fiat,817,Fiorino,,
89,Fiat,1099,Freemont,,
89,Fiat,820,Linea,,
89,Fiat,824,Punto,,
89,Fiat,1679,Tempra,,
89,Fiat,1247,Tipo,,
87,Ford,1718,Aerostar,,
87,Ford,1040,Bronco,5945,BADLAND
87,Ford,1040,Bronco,6560,Black Diamond
87,Ford,1040,Bronco,6204,HERITAGE LIMITED EDITION 
87,Ford,1040,Bronco,6202,OUTER BANKS
87,Ford,1040,Bronco,6201,WILDTRAK
87,Ford,1035,Bronco Sport,6500,Outer Banks
87,Ford,895,Crown Victoria,,
87,Ford,1207,E-350,,
87,Ford,986,Econoline,,
87,Ford,912,Ecosport,4338,SE
87,Ford,912,Ecosport,4337,SES
87,Ford,902,Edge,4311,SE
87,Ford,902,Edge,4310,SEL
87,Ford,902,Edge,4306,ST
87,Ford,902,Edge,6009,ST-Line
87,Ford,902,Edge,4308,Sport
87,Ford,902,Edge,4307,Titanium
87,Ford,833,Escape,6446,Active
87,Ford,833,Escape,4271,SE
87,Ford,833,Escape,4273,SEL
87,Ford,833,Escape,6164,ST-Line  
87,Ford,833,Escape,4270,Titanium
87,Ford,833,Escape,5710,Trend
87,Ford,831,Escort,,
87,Ford,904,Everest,6057,Limited
87,Ford,904,Everest,6110,XLS
87,Ford,1685,Excursion,,
87,Ford,898,Expedition,4289,King Ranch
87,Ford,898,Expedition,4288,Limited
87,Ford,898,Expedition,4287,XLT
87,Ford,903,Explorer,6192,Active
87,Ford,903,Explorer,4316,Base
87,Ford,903,Explorer,4314,Limited
87,Ford,903,Explorer,4317,Platinum
87,Ford,903,Explorer,4318,ST
87,Ford,903,Explorer,5825,ST-Line
87,Ford,903,Explorer,4315,Sport
87,Ford,903,Explorer,5744,Timberline
87,Ford,903,Explorer,4313,XLT
87,Ford,1298,Explorer Sport Trac,,
87,Ford,837,F-150,4282,King Ranch
87,Ford,837,F-150,4283,Lariat
87,Ford,837,F-150,4284,Limited
87,Ford,837,F-150,4281,Platinum
87,Ford,837,F-150,5457,STX
87,Ford,837,F-150,5462,Sport
87,Ford,837,F-150,5860,Tremor
87,Ford,837,F-150,4280,XL
87,Ford,837,F-150,4279,XLT
87,Ford,837,F-150,6200,XLT Sport
87,Ford,1557,F-150 Lightning,6465,XLT
87,Ford,867,F-150 Raptor,6208,Raptor
87,Ford,867,F-150 Raptor,5999,Raptor 37
87,Ford,867,F-150 Raptor,5486,Raptor R
87,Ford,1148,F-250,,
87,Ford,993,F-350,,
87,Ford,911,Fiesta,4957,Ambient
87,Ford,911,Fiesta,4334,SE
87,Ford,905,Figo,4656,Trend
87,Ford,868,Five Hundred,,
87,Ford,834,Flex,,
87,Ford,832,Focus,4268,SE
87,Ford,832,Focus,4266,SEL
87,Ford,832,Focus,4267,Titanium
87,Ford,835,Freestar,,
87,Ford,1689,Freestyle,,
87,Ford,900,Fusion,4300,S
87,Ford,900,Fusion,4299,SE
87,Ford,900,Fusion,4298,SEL
87,Ford,900,Fusion,4297,Titanium
87,Ford,910,GT,,
87,Ford,1487,Gran Torino,,
87,Ford,1332,Ka,,
87,Ford,1101,Maverick,6439,Lariat
87,Ford,1101,Maverick,6445,XL
87,Ford,1101,Maverick,6437,XLT
87,Ford,901,Mondeo,,
87,Ford,908,Mustang,4331,EcoBoost
87,Ford,908,Mustang,5436,EcoBoost Premium
87,Ford,908,Mustang,4329,GT
87,Ford,908,Mustang,4658,GT Premium
87,Ford,908,Mustang,5863,Mach 1
87,Ford,908,Mustang,5864,Shelby GT500
87,Ford,908,Mustang,4330,V-6
87,Ford,1286,Mustang Mach-E,,
87,Ford,899,Ranger,4291,XLT
87,Ford,1257,Scorpio,,
87,Ford,1410,Sierra,,
87,Ford,906,Taurus,4323,Limited
87,Ford,906,Taurus,4325,SE
87,Ford,906,Taurus,4324,SEL
87,Ford,906,Taurus,5747,Titanium
87,Ford,1087,Taurus X,,
87,Ford,1127,Territory,6193,Ambiente
87,Ford,1127,Territory,6194,Dark Edition 
87,Ford,1127,Territory,6100,Titanium
87,Ford,1127,Territory,6139,Trend
87,Ford,997,Thunderbird,,
87,Ford,1603,Tourneo Courier,,
87,Ford,827,Transit,,
87,Ford,987,Windstar,,
164,Forthing,1775,Friday,,
164,Forthing,1776,T5 EVO,,
86,Foton,1588,Miler,,
86,Foton,1386,SUP,,
86,Foton,915,Tunland,,
86,Foton,1702,Tunland G7,,
86,Foton,1509,View C2,,
86,Foton,1152,View CS2,,
85,GAC,1624,Aion ES,,
85,GAC,1789,Aion V,,
85,GAC,1164,EMKOO,5968,GL
85,GAC,1109,Empow,6132,GE
85,GAC,1109,Empow,6753,GS
85,GAC,1591,Empow R,6555,GL 
85,GAC,916,GA3,,
85,GAC,992,GA4,5894,GE
85,GAC,920,GA5,,
85,GAC,919,GA8,5895,GL
85,GAC,1647,GN6,,
85,GAC,1176,GN8,,
85,GAC,922,GS3,,
85,GAC,1177,GS3 EMZOOM,6044,GB
85,GAC,1177,GS3 EMZOOM,5939,GL
85,GAC,1177,GS3 EMZOOM,6131,GS
85,GAC,1177,GS3 EMZOOM,6043,R-style
85,GAC,897,GS4,5830,GL 
85,GAC,1734,GS4 Max,,
85,GAC,917,GS5,,
85,GAC,918,GS7,,
85,GAC,921,GS8,5832,GT
85,GAC,921,GS8,5893,GX
85,GAC,921,GS8,6803,GX (HEV)
85,GAC,1622,GS8 TRAVELLER,6627,GX
85,GAC,1439,Gonow GA1030,,
85,GAC,1243,Gonow GA200,,
85,GAC,1215,Gonow Way M1,,
85,GAC,1372,M8,6563,GT
117,GAZ,1652,69,,
117,GAZ,1284,Volga,,
82,GMC,883,Acadia,5699,AT4
82,GMC,883,Acadia,5624,Denali
82,GMC,883,Acadia,6947,Elevation
82,GMC,883,Acadia,5623,SLE
82,GMC,883,Acadia,5622,SLT
82,GMC,1193,Canyon,,
82,GMC,884,Envoy,,
82,GMC,1292,Hummer EV,6074,3X
82,GMC,1755,Hummer EV Pickup,,
82,GMC,1220,Jimmy,,
82,GMC,1721,P3500,,
82,GMC,1451,Safari,,
82,GMC,1028,Savana,,
82,GMC,881,Sierra,5606,1500
82,GMC,881,Sierra,5605,2500HD 
82,GMC,881,Sierra,5708,AT4
82,GMC,881,Sierra,5672,Denali
82,GMC,881,Sierra,5812,Elevation
82,GMC,881,Sierra,5742,SLT 
82,GMC,1635,Sonoma,,
82,GMC,880,Terrain,5910,AT4
82,GMC,880,Terrain,6430,Denali 
82,GMC,880,Terrain,5674,SLE
82,GMC,880,Terrain,5696,SLT
82,GMC,882,Yukon,5491,AT4
82,GMC,882,Yukon,5506,Denali
82,GMC,882,Yukon,6258,Elevation
82,GMC,882,Yukon,5489,SLE
82,GMC,882,Yukon,5490,SLT
82,GMC,1375,Yukon XL,,
91,GWM,1060,Deer,,
91,GWM,886,Florid,,
91,GWM,1551,Haval H5,,
91,GWM,1579,Hover CUV,,
91,GWM,1411,Peri,,
91,GWM,1619,Sing,,
91,GWM,1441,SoCool,,
91,GWM,1290,Voleex C30,,
91,GWM,885,Wingle,,
91,GWM,1607,Wingle 5,6603,SINGLE CAB
91,GWM,1607,Wingle 5,6604,UPGRADE
84,Geely,1081,Azkarra,5689,Comfort GC
84,Geely,1081,Azkarra,5818,Luxury GL
84,Geely,1617,Binray,,
84,Geely,1012,Boyue,,
84,Geely,875,CK,,
84,Geely,1581,Cityray,,
84,Geely,1082,Coolray,5819,Full Option GF
84,Geely,1082,Coolray,5942,GF
84,Geely,1082,Coolray,5693,GF Plus
84,Geely,1082,Coolray,5941,GK
84,Geely,1082,Coolray,5940,GL
84,Geely,1157,Emgrand,6058,GF
84,Geely,1157,Emgrand,5897,GK
84,Geely,1157,Emgrand,5898,GS
84,Geely,896,Emgrand EC7,,
84,Geely,871,Emgrand EC8,,
84,Geely,923,Emgrand GS,,
84,Geely,872,Emgrand GT,,
84,Geely,869,Emgrand X7,,
84,Geely,870,Emgrand X7 Sport,,
84,Geely,1419,FC,,
84,Geely,873,GC2,,
84,Geely,874,GC6,,
84,Geely,894,GC7,,
84,Geely,876,GX2,,
84,Geely,1180,GX3,,
84,Geely,1182,GX3 Pro,,
84,Geely,1678,Galaxy L6,,
84,Geely,1677,Galaxy Starship 7,,
84,Geely,1471,Geometry C,,
84,Geely,1226,LC,,
84,Geely,1198,MK,,
84,Geely,1517,MK Cross,,
84,Geely,1394,Monjaro,6158,GF Plus
84,Geely,1158,Okavango,,
84,Geely,1653,Preface,,
84,Geely,1007,SC7,,
84,Geely,1342,STARRAY,,
84,Geely,1181,Tugella,,
83,Genesis,878,G70,,
83,Genesis,879,G80,,
83,Genesis,877,G90,,
83,Genesis,1402,GV60,,
83,Genesis,1058,GV70,,
83,Genesis,1111,GV80,,
81,HAVAL,1031,Dargo,5563,Adventure
81,HAVAL,1031,Dargo,6317,High Grade
81,HAVAL,1031,Dargo,5562,Sport
81,HAVAL,890,H2 Crossover,,
81,HAVAL,887,H6,6869,HEV MID
81,HAVAL,887,H6,6928,HEV TOP
81,HAVAL,887,H6,5805,Max
81,HAVAL,887,H6,5803,Plus
81,HAVAL,887,H6,5509,Premium
81,HAVAL,887,H6,5804,Pro
81,HAVAL,887,H6,5806,Supreme
81,HAVAL,1131,H6 GT,5808,Lux
81,HAVAL,1131,H6 GT,5809,Ultra
81,HAVAL,980,H7,6311,STD
81,HAVAL,980,H7,6929,TOP
81,HAVAL,889,H8,,
81,HAVAL,888,H9,6916,High Grade
81,HAVAL,888,H9,5518,Lux
81,HAVAL,888,H9,6930,TOP
81,HAVAL,888,H9,5519,Ultra 
81,HAVAL,1009,JOLION,5511,STD
81,HAVAL,1470,JOLION Pro,,
81,HAVAL,1783,V7,6948,HEV
81,HAVAL,1783,V7,6949,PHEV
120,Hafei,1367,Minyi pickup,,
101,Haima,1576,7,,
101,Haima,1078,8S,,
101,Haima,1213,Family,,
101,Haima,1149,S5,,
93,Hawtai,982,A25,,
93,Hawtai,1680,B11,,
93,Hawtai,1568,Bolgheri,,
123,Higer,1387,H5F,,
123,Higer,1785,KLQ6798,,
123,Higer,1543,KLQ6928,,
163,Hino,1769,300 series,,
79,Honda,726,Accord,6482,EX
79,Honda,726,Accord,6481,EX-L
79,Honda,726,Accord,6483,LX
79,Honda,726,Accord,5875,Sport
79,Honda,726,Accord,6480,Sport-L
79,Honda,726,Accord,6479,Touring 
79,Honda,725,Accord Coupe,,
79,Honda,729,Accord Crosstour,,
79,Honda,810,CR-V,6292,Sport Hybrid
79,Honda,810,CR-V,6289,Sport Touring Hybrid
79,Honda,810,CR-V,6294,Sport-L Hybrid
79,Honda,892,CRX,,
79,Honda,732,City,,
79,Honda,893,Civic,6670,LX
79,Honda,893,Civic,6429,Sport
79,Honda,891,Civic Hatchback,,
79,Honda,1705,Civic Type R,,
79,Honda,1728,Concerto,,
79,Honda,1363,Element,,
79,Honda,866,HR-V,,
79,Honda,1264,Insight,,
79,Honda,731,Jazz,,
79,Honda,724,Legend,,
79,Honda,728,MR-V,,
79,Honda,809,Odyssey,,
79,Honda,750,Odyssey J,,
79,Honda,1047,Passport,,
79,Honda,727,Pilot,,
79,Honda,1765,Prologue,,
79,Honda,1658,Ridgeline,,
79,Honda,730,S2000,,
79,Honda,1654,ZR-V,,
79,Honda,1480,e:NP1,,
79,Honda,1133,eNS1,,
79,Honda,1554,‏Acura TLX,,
105,Hongqi,1675,E-HS9,,
105,Hongqi,1461,H5,,
105,Hongqi,1674,H6,,
105,Hongqi,1132,H9,,
105,Hongqi,1669,HS3,,
105,Hongqi,1672,HS5,,
105,Hongqi,1673,HS7,,
105,Hongqi,1522,Ousado,,
133,Huanghai,1561,N1,,
133,Huanghai,1532,N1S,,
78,Hummer,734,H2,5513,Base
78,Hummer,733,H3,,
140,Hyptec,1594,HT,,
77,Hyundai,703,Accent,4181,Blue
77,Hyundai,703,Accent,4924,GL
77,Hyundai,703,Accent,4179,GLS
77,Hyundai,703,Accent,4180,GS
77,Hyundai,703,Accent,4225,Gamma
77,Hyundai,703,Accent,4182,Limited
77,Hyundai,703,Accent,4178,SE
77,Hyundai,703,Accent,4183,SEL
77,Hyundai,703,Accent,4484,high
77,Hyundai,1504,Accent Hatchback,,
77,Hyundai,696,Atos Prime,,
77,Hyundai,951,Avante,4256,Eco
77,Hyundai,951,Avante,4257,Limited
77,Hyundai,951,Avante,4259,SE
77,Hyundai,951,Avante,4255,Sport
77,Hyundai,698,Azera,6657,Calligraphy
77,Hyundai,698,Azera,4173,GLS
77,Hyundai,698,Azera,4486,High
77,Hyundai,698,Azera,4171,Limited
77,Hyundai,1575,Bayon,,
77,Hyundai,1366,Casper,,
77,Hyundai,745,Centennial,,
77,Hyundai,1545,County,,
77,Hyundai,700,Coupe,,
77,Hyundai,704,Creta,4187,Top grade
77,Hyundai,740,Elantra,6522,Blue
77,Hyundai,740,Elantra,4222,ECO
77,Hyundai,740,Elantra,4219,GL
77,Hyundai,740,Elantra,4218,GLS
77,Hyundai,740,Elantra,5468,GT
77,Hyundai,740,Elantra,4224,Limited
77,Hyundai,740,Elantra,6507,N
77,Hyundai,740,Elantra,5625,N Line
77,Hyundai,740,Elantra,4220,SE
77,Hyundai,740,Elantra,4223,SEL
77,Hyundai,740,Elantra,4221,Sport
77,Hyundai,740,Elantra,4938,Standard
77,Hyundai,1542,Elantra Touring,,
77,Hyundai,952,Entourage,,
77,Hyundai,1358,Equus,,
77,Hyundai,953,Excel,,
77,Hyundai,954,Galloper,,
77,Hyundai,746,Genesis,4245,Prada
77,Hyundai,746,Genesis,4943,Royal
77,Hyundai,699,Genesis Coupe,,
77,Hyundai,701,Getz,,
77,Hyundai,748,Grand Santa Fe,,
77,Hyundai,697,Grand i10,4228,GLS
77,Hyundai,1700,Grandeur,,
77,Hyundai,743,H-1,,
77,Hyundai,1520,H-100,,
77,Hyundai,1614,H350,,
77,Hyundai,1637,HD 65,,
77,Hyundai,1160,Ioniq,,
77,Hyundai,1720,Ioniq 5,,
77,Hyundai,1719,Ioniq 6,,
77,Hyundai,705,Kona,4191, Turbo SEL
77,Hyundai,705,Kona,6660,ICE
77,Hyundai,705,Kona,4190,Limited
77,Hyundai,705,Kona,5758,N Line
77,Hyundai,705,Kona,6614,SE
77,Hyundai,705,Kona,6071,SEL
77,Hyundai,705,Kona,6056,SEL Plus
77,Hyundai,705,Kona,4189,Ultimate
77,Hyundai,1362,Kona Electric,,
77,Hyundai,736,Matrix,,
77,Hyundai,1389,Nexo,,
77,Hyundai,723,Palisade,5993,Calligraphy
77,Hyundai,723,Palisade,6661,GLS
77,Hyundai,723,Palisade,4196,Limited
77,Hyundai,723,Palisade,4494,Premium
77,Hyundai,723,Palisade,4198,SE
77,Hyundai,723,Palisade,4197,SEL
77,Hyundai,723,Palisade,6442,XRT
77,Hyundai,1422,Porter,,
77,Hyundai,955,Reina,,
77,Hyundai,1104,Santa Cruz,5740,Limited 
77,Hyundai,741,Santa Fe,4231,Base AWD
77,Hyundai,741,Santa Fe,5981,Calligraphy
77,Hyundai,741,Santa Fe,4232,GDI Mid
77,Hyundai,741,Santa Fe,4940,GL
77,Hyundai,741,Santa Fe,4939,GLS
77,Hyundai,741,Santa Fe,4489,High AWD
77,Hyundai,741,Santa Fe,4235,Limited
77,Hyundai,741,Santa Fe,4490,Mid AWD
77,Hyundai,741,Santa Fe,4237,SE
77,Hyundai,741,Santa Fe,4236,SEL
77,Hyundai,741,Santa Fe,5414,Sport
77,Hyundai,741,Santa Fe,4234,Ultimate
77,Hyundai,741,Santa Fe,6616,XRT
77,Hyundai,1618,Scoupe,,
77,Hyundai,747,Sonata,4249,GDI Base
77,Hyundai,747,Sonata,4492,GDI Mid
77,Hyundai,747,Sonata,4491,GDI Top
77,Hyundai,747,Sonata,4253,GLS
77,Hyundai,747,Sonata,4251,Limited
77,Hyundai,747,Sonata,5558,N Line
77,Hyundai,747,Sonata,4252,SE
77,Hyundai,747,Sonata,4250,SEL
77,Hyundai,747,Sonata,6154,SEL Plus
77,Hyundai,747,Sonata,4254,Sport
77,Hyundai,747,Sonata,4944,Standard
77,Hyundai,1018,Starex,,
77,Hyundai,1393,Stargazer,,
77,Hyundai,1107,Staria,,
77,Hyundai,749,Terracan,,
77,Hyundai,1464,Tiburon,,
77,Hyundai,744,Trajet,,
77,Hyundai,742,Tucson,4483,Base
77,Hyundai,742,Tucson,6659,Comfort 
77,Hyundai,742,Tucson,4243,Eco
77,Hyundai,742,Tucson,4482,GDI Basic
77,Hyundai,742,Tucson,4480,GDI Full option
77,Hyundai,742,Tucson,4242,GLS
77,Hyundai,742,Tucson,4240,Limited
77,Hyundai,742,Tucson,4481,Mid
77,Hyundai,742,Tucson,6016,N Line
77,Hyundai,742,Tucson,4238,NU
77,Hyundai,742,Tucson,6658,Premium 
77,Hyundai,742,Tucson,4241,SE
77,Hyundai,742,Tucson,5730,SEL
77,Hyundai,742,Tucson,4239,Sport
77,Hyundai,737,Veloster,4931,GLS
77,Hyundai,737,Veloster,4935,GLS Turbo
77,Hyundai,737,Veloster,6591,N
77,Hyundai,737,Veloster,4933,Sport
77,Hyundai,737,Veloster,4934,Standard
77,Hyundai,985,Venue,5746,SEL
77,Hyundai,722,Veracruz,4193,Limited
77,Hyundai,722,Veracruz,4194,SE
77,Hyundai,1071,Verna,,
77,Hyundai,956,XG,,
77,Hyundai,695,i10,4165,S
77,Hyundai,695,i10,4164,SE
77,Hyundai,702,i20,,
77,Hyundai,739,i30,,
77,Hyundai,720,i40,,
149,IVECO,1645,Daily,,
115,Ineos,1259,Grenadier,,
76,Infiniti,752,EX,,
76,Infiniti,715,FX,6459,35
76,Infiniti,711,G,,
76,Infiniti,751,G35,,
76,Infiniti,782,G35 Coupe,,
76,Infiniti,1406,G37,,
76,Infiniti,718,G37 Convertible,,
76,Infiniti,721,G37 Coupe,,
76,Infiniti,716,JX,,
76,Infiniti,712,M,,
76,Infiniti,1611,M37,,
76,Infiniti,783,Q30,,
76,Infiniti,707,Q45,,
76,Infiniti,706,Q50,6422,Luxe
76,Infiniti,706,Q50,6617,Red Sport 400
76,Infiniti,717,Q60 Convertible,,
76,Infiniti,719,Q60 Coupe,,
76,Infiniti,710,Q70,,
76,Infiniti,784,QX30,,
76,Infiniti,1305,QX4,,
76,Infiniti,779,QX50,,
76,Infiniti,1452,QX55,,
76,Infiniti,709,QX56,,
76,Infiniti,713,QX60,6495,LUXE
76,Infiniti,713,QX60,6494,PURE
76,Infiniti,714,QX70,,
76,Infiniti,708,QX80,6492,Autograph
76,Infiniti,708,QX80,6493,Sensory
114,Iran Khodro,1269,Arisun,,
114,Iran Khodro,1253,Dena,,
114,Iran Khodro,1519,Runna,,
114,Iran Khodro,1256,Samand,,
114,Iran Khodro,1268,Soren,,
114,Iran Khodro,1708,Tara,,
74,Isuzu,786,D-Max,,
74,Isuzu,1550,Elf,,
74,Isuzu,1600,Faster,,
74,Isuzu,788,MU-X,,
74,Isuzu,1216,Rodeo,,
74,Isuzu,789,Trooper,,
73,JAC,1636,HFC,,
73,JAC,1103,J3,,
73,JAC,793,J4,,
73,JAC,790,J5,,
73,JAC,792,J6,,
73,JAC,1346,J7,6388,Flagship
73,JAC,1346,J7,6387,Luxury
73,JAC,1369,JS3,6389,Flagship
73,JAC,1377,JS4,,
73,JAC,1507,JS6,,
73,JAC,791,M5 MPV,,
73,JAC,794,S3 SUV,,
73,JAC,1505,T8,,
73,JAC,1703,X200,,
159,JAECOO,1727,J5,,
159,JAECOO,1716,J7,6828,Flagship
159,JAECOO,1716,J7,6914,Luxury
159,JAECOO,1717,J8,,
153,JMC,1661,Grand Avenue,,
72,Jaguar,778,E-Pace,5124,Standard
72,Jaguar,804,F-Pace,6859,R-Dynamic S
72,Jaguar,804,F-Pace,5164,R-Sport
72,Jaguar,804,F-Pace,5166,S
72,Jaguar,804,F-Pace,5532,SVR
72,Jaguar,806,F-Type,5175,First Edition
72,Jaguar,806,F-Type,5587,R-Dynamic
72,Jaguar,805,I-Pace,,
72,Jaguar,799,S-Type,,
72,Jaguar,803,X-Type,,
72,Jaguar,802,XE,6078,P250
72,Jaguar,802,XE,5711,R-Sport
72,Jaguar,796,XF,5146,Luxury
72,Jaguar,796,XF,5140,S
72,Jaguar,795,XJ,5138,Luxury
72,Jaguar,795,XJ,5135,Portfolio
72,Jaguar,795,XJ,5134,Super
72,Jaguar,801,XK,,
71,Jeep,979,Asia Rocsta,,
71,Jeep,753,Cherokee,5363,Altitude
71,Jeep,753,Cherokee,5359,Laredo
71,Jeep,753,Cherokee,5362,Latitude
71,Jeep,753,Cherokee,5919,Latitude Plus
71,Jeep,753,Cherokee,5358,Limited
71,Jeep,753,Cherokee,5357,Overland
71,Jeep,753,Cherokee,5361,Trailhawk
71,Jeep,753,Cherokee,6558,X
71,Jeep,756,Commander,,
71,Jeep,754,Compass,5367,Latitude
71,Jeep,754,Compass,5365,Limited
71,Jeep,754,Compass,5430,Longitude
71,Jeep,754,Compass,5366,Sport
71,Jeep,754,Compass,5364,Trailhawk
71,Jeep,757,Gladiator,5659,Overland 
71,Jeep,757,Gladiator,5540,Rubicon
71,Jeep,757,Gladiator,5544,Sport
71,Jeep,757,Gladiator,5911,TEXAS TRAIL
71,Jeep,757,Gladiator,5995,Willys
71,Jeep,758,Grand Cherokee,5502,80 Th Anniversary
71,Jeep,758,Grand Cherokee,5722,Altitude 
71,Jeep,758,Grand Cherokee,5779,High Altitude
71,Jeep,758,Grand Cherokee,5378,Laredo
71,Jeep,758,Grand Cherokee,5377,Limited
71,Jeep,758,Grand Cherokee,6264,Limited 4xe
71,Jeep,758,Grand Cherokee,5431,Limited X
71,Jeep,758,Grand Cherokee,5376,Overland
71,Jeep,758,Grand Cherokee,6266,Overland 4xe
71,Jeep,758,Grand Cherokee,5442,S
71,Jeep,758,Grand Cherokee,5380,SRT
71,Jeep,758,Grand Cherokee,5381,Summit
71,Jeep,758,Grand Cherokee,6502,Summit Reserve
71,Jeep,758,Grand Cherokee,5443,Trackhawk
71,Jeep,758,Grand Cherokee,5379,Trailhawk
71,Jeep,758,Grand Cherokee,6265,Trailhawk 4xe
71,Jeep,1022,Grand Cherokee L,5712,Altitude
71,Jeep,1022,Grand Cherokee L,5523,Laredo
71,Jeep,1022,Grand Cherokee L,5524,Limited
71,Jeep,1022,Grand Cherokee L,5525,Overland
71,Jeep,1022,Grand Cherokee L,5526,Summit
71,Jeep,1022,Grand Cherokee L,6503,Summit Reserve
71,Jeep,1130,Grand Wagoneer,,
71,Jeep,984,Liberty,,
71,Jeep,755,Patriot,6010,Latitude
71,Jeep,763,Renegade,5391,Latitude
71,Jeep,763,Renegade,5388,Limited
71,Jeep,763,Renegade,5389,Sport
71,Jeep,763,Renegade,5390,Trailhawk
71,Jeep,1428,Wagoneer,6506,Series II
71,Jeep,1195,Willys,,
71,Jeep,759,Wrangler,5909, Willys
71,Jeep,759,Wrangler,6008,High Altitude 4xe
71,Jeep,759,Wrangler,5386,Rubicon
71,Jeep,759,Wrangler,5761,Rubicon 392
71,Jeep,759,Wrangler,5724,Rubicon 4xe
71,Jeep,759,Wrangler,5385,Sahara
71,Jeep,759,Wrangler,6594,Sahara 4xe
71,Jeep,759,Wrangler,5383,Sport
71,Jeep,759,Wrangler,5387,Unlimited
71,Jeep,759,Wrangler,5814,Unlimited 4xe
71,Jeep,759,Wrangler,5992,Unlimited Sport
100,Jetour,1162,Dashing,6368,Comfort
100,Jetour,1162,Dashing,6367,Luxury
100,Jetour,1609,G700,6619,Luxury PHEV
100,Jetour,1609,G700,6624,Premium PHEV
100,Jetour,1609,G700,6798,Rally PHEV
100,Jetour,1604,L6,,
100,Jetour,1485,T1,6631,Comfort
100,Jetour,1485,T1,6363,Luxury
100,Jetour,1485,T1,6834,i-DM
100,Jetour,1232,T2,6362,Comfort
100,Jetour,1232,T2,6360,Luxury
100,Jetour,1232,T2,6361,Luxury Plus
100,Jetour,1232,T2,6359,Luxury i-DM
100,Jetour,1232,T2,6800,PHEV Luxury
100,Jetour,1692,Traveler Starguard,,
100,Jetour,1495,X50,6369,Luxury
100,Jetour,1070,X70,6542,Comfort 
100,Jetour,1070,X70,6370,Luxury
100,Jetour,1212,X70 Plus,6366,Comfort
100,Jetour,1212,X70 Plus,6365,Luxury
100,Jetour,1098,X90 PLUS,6364,Luxury
122,Jinbei,1379,Haise,,
122,Jinbei,1395,Hercules,,
121,Jonway,1378,A380,,
108,KAIYI,1163,X3,,
108,KAIYI,1513,X3 PRO,,
108,KAIYI,1538,X7,,
96,KAWEI,1044,K-150,,
96,KAWEI,1045,K1,,
106,Karry,1143,Pickup,,
106,Karry,1277,UU,,
162,Kawasaki,1748,MULE 3010,,
47,Kia,1204,Besta,,
47,Kia,1038,Bongo,,
47,Kia,770,Cadenza,4600,Base
47,Kia,770,Cadenza,4122,GDI Mid
47,Kia,770,Cadenza,4573,GDI Top
47,Kia,770,Cadenza,4910,LX
47,Kia,770,Cadenza,4911,STD
47,Kia,770,Cadenza,4599,Top
47,Kia,774,Carens,4132,2
47,Kia,774,Carens,4130,4
47,Kia,774,Carens,5847,High Grade
47,Kia,774,Carens,6685,KY
47,Kia,774,Carens,5849,Mid Grade
47,Kia,769,Carnival,4575,GDI EX
47,Kia,769,Carnival,4576,GDI L
47,Kia,769,Carnival,4574,GDI SXL
47,Kia,769,Carnival,6613,LX
47,Kia,769,Carnival,5882,SX
47,Kia,977,Ceed,,
47,Kia,767,Cerato,4111,EX
47,Kia,767,Cerato,5840,High Grade
47,Kia,767,Cerato,4907,L
47,Kia,767,Cerato,4113,LX
47,Kia,767,Cerato,5839,Low Grade
47,Kia,767,Cerato,5842,Mid Grade
47,Kia,767,Cerato,4112,S
47,Kia,767,Cerato,4908,SX
47,Kia,767,Cerato,5841,Top Grade
47,Kia,1690,Concord,,
47,Kia,1424,Credos,,
47,Kia,1449,EV5,6251,Air
47,Kia,1208,EV6,,
47,Kia,1320,EV9,6557,GT-Line
47,Kia,1320,EV9,6094,Top Grade
47,Kia,949,Forte,4148,EX
47,Kia,949,Forte,4151,FE
47,Kia,949,Forte,5760,GT
47,Kia,949,Forte,5471,GT-Line
47,Kia,949,Forte,4149,LX
47,Kia,949,Forte,4150,LXS
47,Kia,949,Forte,4146,S
47,Kia,949,Forte,4147,SX
47,Kia,1546,Forte Koup,,
47,Kia,1172,Forte5,,
47,Kia,1227,K3,6809,EX
47,Kia,1511,K4,6412,G-Grade
47,Kia,1511,K4,6457,GT‑Line
47,Kia,1511,K4,6810,High Grade
47,Kia,1016,K5,5739,EX
47,Kia,1016,K5,6227,GT 
47,Kia,1016,K5,5548,GT-Line
47,Kia,1016,K5,5851,High Grade
47,Kia,1016,K5,5748,LXS
47,Kia,1016,K5,5854,Low Grade
47,Kia,1016,K5,5853,Mid Grade
47,Kia,1016,K5,5852,Top Grade
47,Kia,1112,K7,,
47,Kia,1139,K8,5828,High Grade
47,Kia,1139,K8,5827,Top Grade
47,Kia,771,K900,4126,Premium
47,Kia,1484,KX1,,
47,Kia,950,Lotze,,
47,Kia,777,Mohave,4144,EX
47,Kia,777,Mohave,4143,LTD
47,Kia,777,Mohave,4145,LX
47,Kia,777,Mohave,4579,Top
47,Kia,1144,Niro,6607,EX
47,Kia,1144,Niro,5944,High Grade
47,Kia,772,Opirus,,
47,Kia,775,Optima,4134,EX
47,Kia,775,Optima,5573,FE
47,Kia,775,Optima,4601,GDI
47,Kia,775,Optima,4581,GDI Si
47,Kia,775,Optima,4136,LX
47,Kia,775,Optima,4138,S
47,Kia,775,Optima,4135,SX
47,Kia,775,Optima,4137,SXL
47,Kia,775,Optima,4582,T-GDI GT
47,Kia,146,Pegas,5888,High Grade
47,Kia,146,Pegas,4597,MPI Top
47,Kia,461,Picanto,4584,Base
47,Kia,461,Picanto,4901,LX
47,Kia,461,Picanto,4583,Top
47,Kia,1341,Potentia,,
47,Kia,1307,Pregio,,
47,Kia,1333,Pride,,
47,Kia,773,Quoris,4127,Luxury
47,Kia,1241,Ray,,
47,Kia,147,Rio,4900,EX
47,Kia,147,Rio,4100,LX
47,Kia,147,Rio,4586,MPI
47,Kia,147,Rio,4101,S
47,Kia,1003,Sedona,5446,LX
47,Kia,148,Seltos,4103,EX
47,Kia,148,Seltos,5844,High Grade
47,Kia,148,Seltos,4104,LX
47,Kia,148,Seltos,5846,Mid Grade
47,Kia,148,Seltos,4105,S
47,Kia,148,Seltos,4102,SX
47,Kia,148,Seltos,5845,Top Grade
47,Kia,1186,Sephia,,
47,Kia,1057,Sonet,5629,GT
47,Kia,1057,Sonet,5630,High Grade
47,Kia,463,Sorento,4589,Base 
47,Kia,463,Sorento,4157,EX
47,Kia,463,Sorento,5542,GT-Line
47,Kia,463,Sorento,5834,High Grade 2.5L
47,Kia,463,Sorento,6026,High Grade 3.5L
47,Kia,463,Sorento,4161,L
47,Kia,463,Sorento,4159,LX
47,Kia,463,Sorento,5838,Low Grade
47,Kia,463,Sorento,5837,Mid Grade
47,Kia,463,Sorento,4588,Mid Option
47,Kia,463,Sorento,4160,S
47,Kia,463,Sorento,4158,SX
47,Kia,463,Sorento,6516,SX Prestige
47,Kia,463,Sorento,5869,SX T-GDI
47,Kia,463,Sorento,5953,SXL
47,Kia,463,Sorento,4587,Top Grade
47,Kia,463,Sorento,6517,X-Line EX
47,Kia,765,Soul,4121,Base
47,Kia,765,Soul,4906,EX
47,Kia,765,Soul,4119,Exclaim
47,Kia,765,Soul,5943,GT Line
47,Kia,765,Soul,4905,LX
47,Kia,765,Soul,4120,Plus
47,Kia,765,Soul,6142,S
47,Kia,765,Soul,4904,SX
47,Kia,765,Soul,4590,Top
47,Kia,765,Soul,5579,X-Line
47,Kia,1265,Spectra,,
47,Kia,768,Sportage,4594,Base
47,Kia,768,Sportage,4117,EX
47,Kia,768,Sportage,5458,GT-Line
47,Kia,768,Sportage,5836,High Grade
47,Kia,768,Sportage,4118,LX
47,Kia,768,Sportage,5835,Low Grade
47,Kia,768,Sportage,4593,Mid Grade
47,Kia,768,Sportage,4115,S
47,Kia,768,Sportage,4116,SX
47,Kia,768,Sportage,6524,SX Prestige
47,Kia,768,Sportage,4592,Top Grade
47,Kia,768,Sportage,4114,Turbo Mid
47,Kia,768,Sportage,4591,Turbo Top
47,Kia,768,Sportage,5773,X-Line
47,Kia,768,Sportage,6006,X-Pro
47,Kia,776,Stinger,4604,Base
47,Kia,776,Stinger,4603,Full Option
47,Kia,776,Stinger,4141,GT
47,Kia,776,Stinger,4142,GT-Line
47,Kia,776,Stinger,4140,GT1
47,Kia,776,Stinger,4139,GT2
47,Kia,1348,Stonic,,
47,Kia,1385,Tasman,7045,High grade
47,Kia,1385,Tasman,6592,LX
47,Kia,1385,Tasman,6863,Low grade
47,Kia,1385,Tasman,6145,X-Line
47,Kia,1385,Tasman,6146,X-Pro
47,Kia,462,Telluride,4108,EX
47,Kia,462,Telluride,5970,EX X-Line
47,Kia,462,Telluride,6069,GT Line
47,Kia,462,Telluride,6021,High Grade
47,Kia,462,Telluride,4110,LX
47,Kia,462,Telluride,4109,S
47,Kia,462,Telluride,4107,SX
47,Kia,462,Telluride,6157,SX X-Line
46,King Long,1646,Jinwei,,
46,King Long,149,Mini Van,,
110,LYNK & CO,1169,01,,
110,LYNK & CO,1657,900,,
131,Lada,1521,2106,,
131,Lada,1770,Niva,,
20,Lamborghini,154,Aventador,,
20,Lamborghini,153,Aventador Roadster,,
20,Lamborghini,157,Gallardo,,
20,Lamborghini,155,Huracan,,
20,Lamborghini,1254,Huracan EVO Spyder,,
20,Lamborghini,1477,Huracan STO,,
20,Lamborghini,156,Huracan Spyder,,
20,Lamborghini,158,Murcielago,,
20,Lamborghini,1757,Temerario,,
20,Lamborghini,152,Urus,6867,SE
19,Land Rover,163,Defender,4780,HSE
19,Land Rover,163,Defender,6801,Octa
19,Land Rover,163,Defender,4782,S
19,Land Rover,163,Defender,4781,SE
19,Land Rover,163,Defender,6448,V8
19,Land Rover,163,Defender,4777,X
19,Land Rover,163,Defender,5990,X-Dynamic
19,Land Rover,163,Defender,6235,X-Dynamic SE
19,Land Rover,163,Defender,6484,X‑Dynamic HSE
19,Land Rover,1036,Defender  Pickup,,
19,Land Rover,167,Discovery,4787,HSE
19,Land Rover,167,Discovery,4790,HSE Luxury
19,Land Rover,167,Discovery,5833,R-Dynamic
19,Land Rover,167,Discovery,4789,S
19,Land Rover,167,Discovery,4788,SE
19,Land Rover,164,Discovery Sport,6549,HSE
19,Land Rover,164,Discovery Sport,6550,HSE Luxury
19,Land Rover,164,Discovery Sport,6548,SE
19,Land Rover,165,Freelander,,
19,Land Rover,166,LR2,4786,SE
19,Land Rover,168,LR3,4792,SE
19,Land Rover,169,LR4,4794,HSE
19,Land Rover,170,Range Rover Evoque,4800,Dynamic 
19,Land Rover,170,Range Rover Evoque,4799,Prestige
19,Land Rover,170,Range Rover Evoque,4808,R-Dynamic HSE
19,Land Rover,170,Range Rover Evoque,4806,R-Dynamic S
19,Land Rover,170,Range Rover Evoque,4809,R-Dynamic SE
19,Land Rover,170,Range Rover Evoque,4805,S
19,Land Rover,160,Range Rover Sport,4773,Autobiography
19,Land Rover,160,Range Rover Sport,4772,Autobiography Dynamic
19,Land Rover,160,Range Rover Sport,6476,DYNAMIC SE
19,Land Rover,160,Range Rover Sport,4768,HSE
19,Land Rover,160,Range Rover Sport,4767,HSE Dynamic
19,Land Rover,160,Range Rover Sport,4763,HST
19,Land Rover,160,Range Rover Sport,6475,P525 Autobiography
19,Land Rover,160,Range Rover Sport,5938,P525 HSE
19,Land Rover,160,Range Rover Sport,6472,S
19,Land Rover,160,Range Rover Sport,4762,SE
19,Land Rover,160,Range Rover Sport,6477,SV
19,Land Rover,160,Range Rover Sport,4770,SVR
19,Land Rover,160,Range Rover Sport,4760,Supercharged
19,Land Rover,162,Range Rover Velar,6531,Dynamic SE
19,Land Rover,162,Range Rover Velar,4776,HSE
19,Land Rover,162,Range Rover Velar,6536,R-Dynamic HSE
19,Land Rover,162,Range Rover Velar,6534,R-Dynamic S
19,Land Rover,162,Range Rover Velar,6535,R-Dynamic SE
19,Land Rover,162,Range Rover Velar,4774,SE
19,Land Rover,159,Range Rover Vogue,4756,Autobiography
19,Land Rover,159,Range Rover Vogue,5583,Autobiography L
19,Land Rover,159,Range Rover Vogue,4755,HSE
19,Land Rover,159,Range Rover Vogue,4759,SE
18,Lexus,127,CT,,
18,Lexus,120,ES,5464,250
18,Lexus,120,ES,5661,300h
18,Lexus,120,ES,5415,350
18,Lexus,120,ES,5355,F-Sport
18,Lexus,120,ES,5354,Luxury
18,Lexus,120,ES,6655,Platinum 
18,Lexus,120,ES,5353,Ultra Luxury
18,Lexus,121,GS,,
18,Lexus,122,GX,5352,GX 460
18,Lexus,122,GX,5350,GX 460 Luxury
18,Lexus,122,GX,6432,GX 550 PREMIUM Plus
18,Lexus,128,IS,5677,350
18,Lexus,128,IS,6586,500
18,Lexus,124,IS C,,
18,Lexus,129,IS F,,
18,Lexus,119,LC,,
18,Lexus,131,LFA,,
18,Lexus,117,LS,5340,F-Sport
18,Lexus,118,LX,6955,500d
18,Lexus,118,LX,5405,570
18,Lexus,118,LX,5581,600
18,Lexus,118,LX,6345,600 F Sport Full
18,Lexus,118,LX,6343,600 Platinum
18,Lexus,118,LX,6342,600 Prestige
18,Lexus,118,LX,6348,700h
18,Lexus,118,LX,6861,700h F Sport
18,Lexus,118,LX,6775,700h OVERTRAIL
18,Lexus,118,LX,6349,700h Platinum
18,Lexus,118,LX,6346,VIP-Black Edition
18,Lexus,130,NX,5753,300
18,Lexus,130,NX,5721,300h
18,Lexus,130,NX,5714,350
18,Lexus,125,RC,,
18,Lexus,126,RC F,,
18,Lexus,123,RX,5428,350
18,Lexus,123,RX,6337,350 Prestige
18,Lexus,123,RX,6340,350h Platinum
18,Lexus,123,RX,5664,450h
18,Lexus,123,RX,5955,500h
18,Lexus,123,RX,5547,F-Sport
18,Lexus,142,SC,,
18,Lexus,1300,TX,6383,500h
18,Lexus,144,UX,5996,UX250h
107,Lifan,1239,320,,
107,Lifan,1282,520,,
107,Lifan,1151,620,,
107,Lifan,1318,Foison,,
107,Lifan,1602,X50,,
107,Lifan,1171,X60,,
17,Lincoln,138,Aviator,,
17,Lincoln,978,Continental,,
17,Lincoln,1096,Corsair,,
17,Lincoln,141,MKC,,
17,Lincoln,133,MKS,,
17,Lincoln,132,MKT,,
17,Lincoln,140,MKX,,
17,Lincoln,137,MKZ,,
17,Lincoln,139,Nautilus,,
17,Lincoln,135,Navigator,,
17,Lincoln,136,Navigator L,,
17,Lincoln,134,Town Car,,
6,MG,1121,3,6224,COM
6,MG,1121,3,6223,LUX
6,MG,1121,3,6225,STD
6,MG,92,350,,
6,MG,974,360,,
6,MG,91,5,5494,COM
6,MG,91,5,5492,LUX
6,MG,91,5,5493,STD
6,MG,1435,5 Plus,6213,COM
6,MG,93,550,,
6,MG,1017,6,5626,LUX
6,MG,1287,7,6066,COM
6,MG,1287,7,6067,LUX
6,MG,96,750,,
6,MG,1488,GS,,
6,MG,1026,GT,5641,COM
6,MG,1026,GT,5640,LUX
6,MG,1026,GT,5642,STD
6,MG,94,HS,6609,DEL
6,MG,94,HS,5920,LUX 1.5T
6,MG,94,HS,5921,LUX 2.0T
6,MG,1443,MG4 EV,6233,LUX
6,MG,1771,Majestor,,
6,MG,1174,Midget,,
6,MG,1146,One,,
6,MG,95,RX5,5923,LUX
6,MG,95,RX5,5924,STD
6,MG,97,RX8,5925,LUX
6,MG,1437,RX9,,
6,MG,1756,Rakan,,
6,MG,995,T60,5926,COM
6,MG,1214,Whale,6028,LUX
6,MG,98,ZS,6396,COM
6,MG,98,ZS,5495,LUX
6,MG,98,ZS,5496,STD
6,MG,98,ZS,5497,ZST
155,MHERO,1670,1,6718,Flagship 
155,MHERO,1671,2,6719,Flagship 
13,Maserati,211,Ghibli,,
13,Maserati,213,GranCabrio,,
13,Maserati,214,GranTurismo,,
13,Maserati,1191,Grecale,,
13,Maserati,212,Levante,,
13,Maserati,210,Quattroporte,,
13,Maserati,215,Spyder,,
12,Maxus,1527,D60 Max,,
12,Maxus,219,D90,,
12,Maxus,218,G10,,
12,Maxus,1760,G90,,
12,Maxus,216,T60 Pickup,,
12,Maxus,217,V80,,
11,Maybach,220,57,,
11,Maybach,221,62,,
10,Mazda,1335,121,,
10,Mazda,175,2,,
10,Mazda,176,2 Sedan,,
10,Mazda,222,3,6633,2.5 S Select Sport
10,Mazda,222,3,6356,Carbon Edition
10,Mazda,222,3,6064,Touring
10,Mazda,223,3 Sedan,6956,Premium Plus
10,Mazda,1281,323,,
10,Mazda,1074,5,,
10,Mazda,227,6,,
10,Mazda,228,6 Ultra,,
10,Mazda,229,6 Wagon,,
10,Mazda,1155,626,,
10,Mazda,1682,929,,
10,Mazda,226,B-Series,,
10,Mazda,1409,BT-50,,
10,Mazda,177,CX-3,,
10,Mazda,1024,CX-30,6638,ELITE
10,Mazda,1024,CX-30,6640,TREND
10,Mazda,1024,CX-30,6639,URBANE
10,Mazda,224,CX-5,6644,TREND PLUS
10,Mazda,1190,CX-50,6230,Preferred Plus
10,Mazda,1459,CX-60,,
10,Mazda,225,CX-7,,
10,Mazda,1772,CX-70,,
10,Mazda,203,CX-9,,
10,Mazda,1455,CX-90,6649,Preferred Plus
10,Mazda,1455,CX-90,6648,Premium
10,Mazda,1455,CX-90,6647,Premium Plus
10,Mazda,1621,E2000,,
10,Mazda,1301,MPV,,
10,Mazda,1392,MX-30,,
10,Mazda,202,MX-5,,
10,Mazda,200,MX-5 RF,,
10,Mazda,1656,Navajo,,
10,Mazda,1562,Tribute,,
9,McLaren,182,540C Coupe,,
9,McLaren,183,570GT Coupe,,
9,McLaren,184,570S Coupe,,
9,McLaren,180,570S Spider,,
9,McLaren,185,650S,,
9,McLaren,179,675LT,,
9,McLaren,187,720S,,
9,McLaren,1140,GT,,
9,McLaren,189,P1,,
8,Mercedes-Benz,24,A-Class,4605,A200
8,Mercedes-Benz,24,A-Class,4380,A220
8,Mercedes-Benz,29,AMG GT,6940,GT 43
8,Mercedes-Benz,36,AMG GT 4-door Coupe,4624,AMG53
8,Mercedes-Benz,191,B-Class,,
8,Mercedes-Benz,9,C-Class,4362,AMG 43
8,Mercedes-Benz,9,C-Class,5473,AMG 63S
8,Mercedes-Benz,9,C-Class,4361,C180
8,Mercedes-Benz,9,C-Class,4360,C200
8,Mercedes-Benz,9,C-Class,4358,C300
8,Mercedes-Benz,9,C-Class,5667,C43
8,Mercedes-Benz,196,CL-Class,,
8,Mercedes-Benz,56,CLA,4983,200
8,Mercedes-Benz,56,CLA,4423,250
8,Mercedes-Benz,7,CLC-Class,,
8,Mercedes-Benz,1460,CLE Coupe,,
8,Mercedes-Benz,4,CLK-Class,,
8,Mercedes-Benz,199,CLS,4447,350
8,Mercedes-Benz,199,CLS,4633,450
8,Mercedes-Benz,199,CLS,4444,550
8,Mercedes-Benz,199,CLS,4448,AMG53
8,Mercedes-Benz,39,E-Class,6559, AMG 63 S
8,Mercedes-Benz,39,E-Class,5520,190 E
8,Mercedes-Benz,39,E-Class,6324,230 E
8,Mercedes-Benz,39,E-Class,6499,260E
8,Mercedes-Benz,39,E-Class,6426,300D 
8,Mercedes-Benz,39,E-Class,4397,E200
8,Mercedes-Benz,39,E-Class,6950,E200 Coupe
8,Mercedes-Benz,39,E-Class,6793,E200 Exclusive 
8,Mercedes-Benz,39,E-Class,6608,E220d
8,Mercedes-Benz,39,E-Class,4396,E250
8,Mercedes-Benz,39,E-Class,5705,E280
8,Mercedes-Benz,39,E-Class,4395,E300
8,Mercedes-Benz,39,E-Class,4974,E320
8,Mercedes-Benz,39,E-Class,4394,E350
8,Mercedes-Benz,39,E-Class,4398,E400
8,Mercedes-Benz,39,E-Class,6723,E420
8,Mercedes-Benz,39,E-Class,4609,E450
8,Mercedes-Benz,1497,EQA,,
8,Mercedes-Benz,1483,EQB,6374,300 4MATIC
8,Mercedes-Benz,1457,EQE SUV,,
8,Mercedes-Benz,1453,EQE Sedan,,
8,Mercedes-Benz,1400,EQS,6161,450 Plus
8,Mercedes-Benz,1400,EQS,6188,580 4MATIC
8,Mercedes-Benz,1289,EQV,,
8,Mercedes-Benz,43,G-Class,4403,AMG63
8,Mercedes-Benz,43,G-Class,4406,G500
8,Mercedes-Benz,43,G-Class,6256,G580
8,Mercedes-Benz,33,GL-Class,4392,450
8,Mercedes-Benz,33,GL-Class,4973,500
8,Mercedes-Benz,33,GL-Class,4391,550
8,Mercedes-Benz,5,GLA,4351,250
8,Mercedes-Benz,10,GLB,4364,250
8,Mercedes-Benz,10,GLB,4618,AMG35
8,Mercedes-Benz,15,GLC,5465,200
8,Mercedes-Benz,15,GLC,4370,300
8,Mercedes-Benz,15,GLC,4369,AMG43
8,Mercedes-Benz,16,GLC-Class Coupe,5886,200
8,Mercedes-Benz,46,GLE,4412,350
8,Mercedes-Benz,46,GLE,4410,450
8,Mercedes-Benz,46,GLE,5404,AMG53
8,Mercedes-Benz,1701,GLE Coupe,6756,450 4MATIC
8,Mercedes-Benz,1701,GLE Coupe,6755,AMG 53 
8,Mercedes-Benz,1701,GLE Coupe,6754,AMG 63 S
8,Mercedes-Benz,17,GLK-Class,4371,350
8,Mercedes-Benz,32,GLS,4389,450
8,Mercedes-Benz,32,GLS,4972,500
8,Mercedes-Benz,32,GLS,5559,580
8,Mercedes-Benz,32,GLS,4619,Maybach 600
8,Mercedes-Benz,48,ML-Class,4415,350
8,Mercedes-Benz,1244,Ponton,,
8,Mercedes-Benz,197,R-Class,,
8,Mercedes-Benz,115,S-Class,4978,300 SE
8,Mercedes-Benz,115,S-Class,6034,380 SEL
8,Mercedes-Benz,115,S-Class,6036,420 SEL
8,Mercedes-Benz,115,S-Class,4976,560 SEL
8,Mercedes-Benz,115,S-Class,4424,AMG63
8,Mercedes-Benz,115,S-Class,4431,S320
8,Mercedes-Benz,115,S-Class,4430,S350
8,Mercedes-Benz,115,S-Class,4428,S500
8,Mercedes-Benz,115,S-Class,4427,S550
8,Mercedes-Benz,115,S-Class,4426,S560
8,Mercedes-Benz,115,S-Class,5543,S580
8,Mercedes-Benz,115,S-Class,6623,S580e
8,Mercedes-Benz,114,S-Class Maybach,5614,S580
8,Mercedes-Benz,114,S-Class Maybach,5706,S680
8,Mercedes-Benz,1279,SEC,,
8,Mercedes-Benz,53,SL-Class,,
8,Mercedes-Benz,20,SLC-Class,,
8,Mercedes-Benz,22,SLK-Class,,
8,Mercedes-Benz,27,SLR McLaren,,
8,Mercedes-Benz,28,SLS AMG,,
8,Mercedes-Benz,1069,SSK,,
8,Mercedes-Benz,190,Sprinter,,
8,Mercedes-Benz,1560,T-Class,,
8,Mercedes-Benz,18,V-Class,4614,Standard
8,Mercedes-Benz,1266,V-Class Maybach,,
8,Mercedes-Benz,19,Viano,,
8,Mercedes-Benz,13,Vito,4366,Progressive
8,Mercedes-Benz,13,Vito,4367,Pure
8,Mercedes-Benz,957,X-Class,,
7,Mercury,58,Grand Marquis,,
7,Mercury,57,Mariner,,
7,Mercury,89,Milan,,
7,Mercury,88,Montego,,
7,Mercury,999,Monterey,,
7,Mercury,90,Mountaineer,,
7,Mercury,1473,Sable,,
7,Mercury,1321,Villager,,
5,Mini,100,Clubman,6760,JHON COOPER WORKS
5,Mini,101,Cooper,6767, S  EXCLUSIVE
5,Mini,101,Cooper,6771,S JCW
5,Mini,102,Countryman,6769,S ALL4
5,Mini,103,Paceman,,
5,Mini,99,Roadster,,
4,Mitsubishi,63,ASX,6027,FULL PLUS
4,Mitsubishi,62,Attrage,,
4,Mitsubishi,1088,Canter,,
4,Mitsubishi,1273,Chariot,,
4,Mitsubishi,60,Eclipse,,
4,Mitsubishi,64,Eclipse Cross,6602,GLX
4,Mitsubishi,1364,Endeavor,,
4,Mitsubishi,1626,Fuso Canter,,
4,Mitsubishi,111,Galant,,
4,Mitsubishi,109,Grandis,,
4,Mitsubishi,110,L200,6600,GL
4,Mitsubishi,110,L200,6018,Sportero
4,Mitsubishi,1405,L300,,
4,Mitsubishi,105,Lancer,,
4,Mitsubishi,104,Lancer EX,,
4,Mitsubishi,106,Lancer Evolution,,
4,Mitsubishi,107,Lancer Fortis,,
4,Mitsubishi,59,Magna,,
4,Mitsubishi,61,Mirage,6011,SE
4,Mitsubishi,1388,Mirage G4,6222,ES
4,Mitsubishi,1010,Montero,,
4,Mitsubishi,112,Montero Sport,6032,GLS
4,Mitsubishi,86,Nativa,,
4,Mitsubishi,108,Outlander,5991,ES
4,Mitsubishi,108,Outlander,5565,GT
4,Mitsubishi,108,Outlander,5566,SE
4,Mitsubishi,108,Outlander,6478,SEL
4,Mitsubishi,1380,Outlander Sport,,
4,Mitsubishi,87,Pajero,,
4,Mitsubishi,84,Pajero Sport,5553,Limited
4,Mitsubishi,1217,RVR,,
4,Mitsubishi,1398,Rosa,,
4,Mitsubishi,1544,Sapporo,,
4,Mitsubishi,1570,Sigma,,
4,Mitsubishi,1023,Xpander,6812,GLX
4,Mitsubishi,1283,Xpander Cross,,
94,Mitsuoka,1042,Galio,,
150,Morris,1648,Minor,,
160,Neta,1738,L,,
2,Nissan,380,350Z,,
2,Nissan,378,370Z,4537,NISMO
2,Nissan,1506,Almera,,
2,Nissan,81,Altima,4011,S
2,Nissan,81,Altima,4009,SL
2,Nissan,81,Altima,4012,SR
2,Nissan,81,Altima,6333,SR VC-Turbo
2,Nissan,81,Altima,4010,SV
2,Nissan,78,Altima Coupe,,
2,Nissan,1467,Ariya,,
2,Nissan,77,Armada,4877,LE
2,Nissan,77,Armada,5451,Nismo
2,Nissan,77,Armada,4054,Platinium
2,Nissan,77,Armada,4055,SL
2,Nissan,77,Armada,4057,SV
2,Nissan,1722,Atleon,,
2,Nissan,1555,Bluebird,,
2,Nissan,1043,Cedric,,
2,Nissan,1063,Civilian,,
2,Nissan,1516,Cube,,
2,Nissan,1384,Elgrand,,
2,Nissan,941,Frontier,4060,PRO-4X
2,Nissan,941,Frontier,4063,S
2,Nissan,941,Frontier,4062,SV
2,Nissan,379,GT-R,,
2,Nissan,384,Juke,4039,S
2,Nissan,384,Juke,4038,SV
2,Nissan,383,Kicks,4035,S
2,Nissan,383,Kicks,4544,SL
2,Nissan,383,Kicks,4033,SR
2,Nissan,383,Kicks,4034,SV
2,Nissan,381,Leaf,,
2,Nissan,1589,Magnite,6544,SV
2,Nissan,82,Maxima,4013,Platinium
2,Nissan,82,Maxima,4017,S
2,Nissan,82,Maxima,4883,SE
2,Nissan,82,Maxima,4015,SL
2,Nissan,82,Maxima,4014,SR
2,Nissan,82,Maxima,4016,SV
2,Nissan,382,Micra,4032,S
2,Nissan,232,Murano,4891,LE
2,Nissan,232,Murano,4027,SL
2,Nissan,232,Murano,4028,SV
2,Nissan,1014,NP300,,
2,Nissan,942,NV,,
2,Nissan,1100,NV200,,
2,Nissan,79,Navara,4881,LE
2,Nissan,79,Navara,4880,SE
2,Nissan,79,Navara,4879,XE
2,Nissan,83,Pathfinder,4884,LE
2,Nissan,83,Pathfinder,4024,Platinium
2,Nissan,83,Pathfinder,6072,Rock Creek
2,Nissan,83,Pathfinder,4023,S
2,Nissan,83,Pathfinder,4885,SE
2,Nissan,83,Pathfinder,4018,SL
2,Nissan,83,Pathfinder,4025,SV
2,Nissan,75,Patrol,5950,LE
2,Nissan,75,Patrol,4557,LE Platinum City
2,Nissan,75,Patrol,5716,PLATINUM 
2,Nissan,75,Patrol,5461,SE
2,Nissan,75,Patrol,4551,SE Platinum
2,Nissan,75,Patrol,4570,SE Titanium
2,Nissan,75,Patrol,6046,TITANIUM
2,Nissan,75,Patrol,4553,XE
2,Nissan,74,Patrol Pickup,,
2,Nissan,76,Patrol Safari,4563,Gazelle X
2,Nissan,76,Patrol Safari,4561,Safari
2,Nissan,76,Patrol Safari,4560,Super Safari
2,Nissan,80,Pickup,,
2,Nissan,1696,Prairie,,
2,Nissan,943,Primera,,
2,Nissan,944,Pulsar,,
2,Nissan,385,Qashqai,4897,SE
2,Nissan,385,Qashqai,4041,SV
2,Nissan,945,Quest,4070,S
2,Nissan,927,Rogue,5551,Platinum 
2,Nissan,927,Rogue,4052,S
2,Nissan,927,Rogue,4050,SL
2,Nissan,927,Rogue,4051,SV
2,Nissan,975,Rogue Sport,5499,S
2,Nissan,975,Rogue Sport,5501,SL
2,Nissan,975,Rogue Sport,5500,SV
2,Nissan,71,Sentra,6170,NISMO
2,Nissan,71,Sentra,3961,S
2,Nissan,71,Sentra,3959,SR
2,Nissan,71,Sentra,3960,SV
2,Nissan,1676,Skyline GT-R,,
2,Nissan,72,Sunny,4867,Base
2,Nissan,72,Sunny,4866,EX
2,Nissan,72,Sunny,6813,Full option
2,Nissan,72,Sunny,4535,S
2,Nissan,72,Sunny,4865,SE
2,Nissan,72,Sunny,4533,SL
2,Nissan,72,Sunny,4868,SU
2,Nissan,72,Sunny,4534,SV
2,Nissan,72,Sunny,4536,SV Comfort
2,Nissan,1250,Sylphy,,
2,Nissan,946,Teana,,
2,Nissan,947,Terrano,,
2,Nissan,70,Tiida,3954,S
2,Nissan,70,Tiida,4858,SE
2,Nissan,70,Tiida,3956,SL
2,Nissan,70,Tiida,3955,SV
2,Nissan,948,Titan,4076,SV
2,Nissan,69,Urvan,5484,A/T
2,Nissan,1625,Vanette,,
2,Nissan,925,Versa,4046,S
2,Nissan,925,Versa,4043,SR
2,Nissan,925,Versa,4045,SV
2,Nissan,926,Versa Note,,
2,Nissan,231,X-Terra,6519,Platinum
2,Nissan,231,X-Terra,4888,SE
2,Nissan,231,X-Terra,5541,Titanium
2,Nissan,73,X-Trail,3964,S
2,Nissan,73,X-Trail,4871,SE
2,Nissan,73,X-Trail,3962,SL
2,Nissan,73,X-Trail,3963,SV
2,Nissan,73,X-Trail,4870,XE
2,Nissan,1326,Z,,
2,Nissan,1553,‏Laurel Altima,,
158,OMODA,1710,C5,6821,Comfort
158,OMODA,1710,C5,6822,Luxury
158,OMODA,1726,C7,,
127,ORA,1192,Good Cat,,
156,Oldsmobile,1767,Cutlass Ciera,,
156,Oldsmobile,1684,Delta 88,,
156,Oldsmobile,1763,Silhouette,,
23,Opel,396,Adam,,
23,Opel,390,Antara,,
23,Opel,387,Astra,,
23,Opel,388,Astra GTC,,
23,Opel,389,Astra OPC,,
23,Opel,1351,Calibra,,
23,Opel,1025,Combo,,
23,Opel,398,Corsa,,
23,Opel,397,Corsa OPC,,
23,Opel,1343,Crossland,,
23,Opel,1013,Grandland X,,
23,Opel,394,Insignia,,
23,Opel,1472,Kadett,,
23,Opel,392,Meriva,,
23,Opel,399,Mokka,,
23,Opel,1571,Monterey,,
23,Opel,1059,Omega,,
23,Opel,1605,Senator,,
23,Opel,393,Vectra,,
23,Opel,391,Zafira,,
126,POER,1556,COMMERCIAL,,
126,POER,998,Double Cab,6415,Deluxe
126,POER,998,Double Cab,6300,Gasoline Version
126,POER,1179,KINGKONG,6298,Gasoline Engine
126,POER,1465,Single Cab,,
43,Peugeot,362,2008,,
43,Peugeot,359,206,,
43,Peugeot,360,207,,
43,Peugeot,358,208,,
43,Peugeot,351,3008,,
43,Peugeot,361,301,,
43,Peugeot,990,306,,
43,Peugeot,349,307,,
43,Peugeot,348,308,,
43,Peugeot,373,308 CC,,
43,Peugeot,1006,405,,
43,Peugeot,1105,406,,
43,Peugeot,355,407,,
43,Peugeot,353,407 Coupe,,
43,Peugeot,350,408,,
43,Peugeot,352,5008,,
43,Peugeot,354,508,,
43,Peugeot,356,607,,
43,Peugeot,402,Boxer,,
43,Peugeot,375,Expert,,
43,Peugeot,1210,Pars,,
43,Peugeot,376,Partner,,
43,Peugeot,357,RCZ,,
43,Peugeot,1076,Roa,,
43,Peugeot,1764,Traveller,,
98,Polaris,1749,General XP 4 1000,,
98,Polaris,1054,ProStar,,
98,Polaris,1048,RZR,,
98,Polaris,1606,RZR PRO R,,
98,Polaris,1053,RZR PRO XP 4 Turbo,,
98,Polaris,1659,Ranger 1000,,
98,Polaris,1051,Ranger 570,,
98,Polaris,1050,Ranger Crew 1000,,
98,Polaris,1052,Ranger Crew 570,,
98,Polaris,1667,SPORTSMAN XP 1000,,
98,Polaris,1156,Slingshot R,,
98,Polaris,1750,Slingshot SL,,
138,Polarsun,1569,Century,,
129,Polestar,1258,Polestar 2,,
104,Pontiac,1117,Catalina,,
104,Pontiac,1582,G5,,
104,Pontiac,1167,Grand Am,,
104,Pontiac,1304,Grand Prix,,
104,Pontiac,1525,Montana,,
104,Pontiac,1508,Solstice,,
104,Pontiac,1339,Torrent,,
104,Pontiac,1454,Trans Sport,,
104,Pontiac,1572,‏Vibe,,
41,Porsche,374,911,,
41,Porsche,370,911 Cabriolet,,
41,Porsche,404,911 GT2,,
41,Porsche,432,911 GT3,,
41,Porsche,405,911 Turbo,,
41,Porsche,371,911 Turbo Cabriolet,,
41,Porsche,368,Boxster,,
41,Porsche,366,Cayenne,6083,Platinum Edition
41,Porsche,367,Cayenne Coupe,,
41,Porsche,435,Cayman,,
41,Porsche,369,Macan,,
41,Porsche,365,Panamera,5616,4
41,Porsche,365,Panamera,5617,Turbo
41,Porsche,1325,Taycan,,
41,Porsche,1577,Taycan Sport Turismo,,
40,Proton,436,GEN-2,,
40,Proton,1246,Persona,,
40,Proton,1219,Saga,,
40,Proton,439,Savvy,,
40,Proton,437,Waja,,
40,Proton,438,Wira,,
39,Ram,441,1200,,
39,Ram,440,1500,6384, Lone Star
39,Ram,440,1500,5720,Big Horn
39,Ram,440,1500,5907,Built to Serve
39,Ram,440,1500,5764,Classic
39,Ram,440,1500,7044,Classic Warlock
39,Ram,440,1500,5726,Laramie
39,Ram,440,1500,5728,Limited
39,Ram,440,1500,5729,Longhorn
39,Ram,440,1500,6413,RHO
39,Ram,440,1500,5727,Rebel
39,Ram,440,1500,6939,Rebel GT
39,Ram,440,1500,6469,SLT
39,Ram,440,1500,5652,Sport
39,Ram,440,1500,6954,Sport GT
39,Ram,440,1500,5736,TRX
39,Ram,440,1500,6505,Tungsten 
39,Ram,1565,2500,,
39,Ram,1447,ProMaster,,
39,Ram,1154,Promaster City,,
38,Renault,1494,12,,
38,Renault,1768,Arkana,,
38,Renault,406,Captur,,
38,Renault,431,Clio,,
38,Renault,459,Clio RS,,
38,Renault,442,Dokker Van,,
38,Renault,407,Duster,5648,PE
38,Renault,407,Duster,5647,SE
38,Renault,451,Espace,,
38,Renault,1774,Express,,
38,Renault,449,Fluence,,
38,Renault,1668,Fregate,,
38,Renault,1136,Kangoo,,
38,Renault,450,Koleos,5645,LE
38,Renault,450,Koleos,5646,PE
38,Renault,453,Laguna,,
38,Renault,452,Laguna Coupe,,
38,Renault,1062,Lodgy,,
38,Renault,433,Logan,,
38,Renault,443,Logan Van,,
38,Renault,1448,Master,,
38,Renault,446,Megane,5650,SE
38,Renault,445,Megane CC,,
38,Renault,447,Megane GT,,
38,Renault,448,Megane RS,,
38,Renault,1426,Renault 19,,
38,Renault,456,Safrane,,
38,Renault,434,Sandero,,
38,Renault,454,Scenic,,
38,Renault,460,Symbol,5643,PE
38,Renault,460,Symbol,5644,SE
38,Renault,455,Talisman,,
38,Renault,988,Tondar90,,
38,Renault,444,Trafic,,
38,Renault,457,Twizy,,
38,Renault,458,Zoe,,
111,Renault Samsung Motors,1536,QM5,,
111,Renault Samsung Motors,1199,QM6,,
111,Renault Samsung Motors,1271,SM3,,
111,Renault Samsung Motors,1456,SM5,,
111,Renault Samsung Motors,1201,SM6,,
111,Renault Samsung Motors,1237,SM7,,
111,Renault Samsung Motors,1234,XM3,,
142,Roewe,1610,i5,,
37,Rolls Royce,414,Cullinan,5731,Black Badge 
37,Rolls Royce,408,Dawn,,
37,Rolls Royce,410,Drophead Coupe,,
37,Rolls Royce,411,Ghost,,
37,Rolls Royce,412,Phantom,,
37,Rolls Royce,413,Silver Seraph,,
37,Rolls Royce,1041,Silver Shadow,,
37,Rolls Royce,1032,Silver Wraith II,,
37,Rolls Royce,1478,Spectre,,
37,Rolls Royce,409,Wraith,,
125,Rox,1415,01,6177,6-seat version
136,SWM Motors,1563,G01 Pro,,
36,Saab,1735,9-5,,
36,Saab,417,9-7X,,
109,Saipa,1168,131,,
109,Saipa,1632,132,,
109,Saipa,1587,141 DLX,,
109,Saipa,1433,151,,
109,Saipa,1278,Ario,,
109,Saipa,1496,Saina,,
109,Saipa,1166,Tiba,,
109,Saipa,1751,Zamyad 24,,
130,Saturn,1639,Ion,,
130,Saturn,1491,Vue,,
161,Scion,1746,iQ,,
161,Scion,1766,tC,,
35,Seat,418,Altea,,
35,Seat,423,Cordoba,,
35,Seat,1141,Cupra Formentor,,
35,Seat,421,Exeo,,
35,Seat,1753,Inca,,
35,Seat,419,Leon,,
35,Seat,420,Toledo,,
34,Skoda,428,Fabia,,
34,Skoda,426,Kodiaq,,
34,Skoda,1445,Kushaq,,
34,Skoda,425,Octavia,,
34,Skoda,1097,Rapid,,
34,Skoda,424,Roomster,,
34,Skoda,427,Superb,,
34,Skoda,429,Yeti,,
99,Smart,1055,Fortwo,,
99,Smart,1056,Smart 1,,
112,Soueast,1390,DX5,,
112,Soueast,1229,DX8S,,
112,Soueast,1502,S06,6428,Comfort
112,Soueast,1502,S06,6795,DM
112,Soueast,1502,S06,6441,Luxury
112,Soueast,1502,S06,6440,Premium
112,Soueast,1501,S07,6378,Comfort
112,Soueast,1501,S07,6377,Luxury
112,Soueast,1501,S07,6379,Premium
112,Soueast,1655,S08,6796,DM
112,Soueast,1500,S09,6376,Luxury
112,Soueast,1500,S09,6797,Premium
32,Ssangyong,430,Actyon,,
32,Ssangyong,1791,Chairman,,
32,Ssangyong,261,Korando,,
32,Ssangyong,347,Kyron,,
32,Ssangyong,1778,Musso,,
32,Ssangyong,316,Musso Grand,,
32,Ssangyong,345,Rexton,5778,DLX
32,Ssangyong,345,Rexton,5782,STD
32,Ssangyong,346,Rodius,,
32,Ssangyong,262,Tivoli,5780,DLX
32,Ssangyong,262,Tivoli,5781,STD
32,Ssangyong,1224,Torres,,
32,Ssangyong,1189,XLV,,
31,Subaru,270,Ascent,,
31,Subaru,272,BRZ,,
31,Subaru,1299,Crosstrek,,
31,Subaru,267,Forester,,
31,Subaru,264,Impreza,,
31,Subaru,265,Impreza WRX,,
31,Subaru,266,Impreza WRX STI,,
31,Subaru,269,Legacy,,
31,Subaru,268,Outback,,
31,Subaru,271,Tribeca,,
31,Subaru,1328,WRX,6097,Premium
31,Subaru,263,XV,,
30,Suzuki,278,APV,,
30,Suzuki,284,Alto,,
30,Suzuki,285,Baleno,5979,GLX
30,Suzuki,280,Carry,,
30,Suzuki,283,Celerio,,
30,Suzuki,275,Ciaz,6732,GL
30,Suzuki,275,Ciaz,5975,GLX
30,Suzuki,259,Dzire,5974,GLX
30,Suzuki,1297,Eeco,,
30,Suzuki,279,Ertiga,5978,GLX
30,Suzuki,1276,Forenza,,
30,Suzuki,1296,Fronx,6736,GLX
30,Suzuki,277,Grand Vitara,6734,GLX
30,Suzuki,273,Ignis,,
30,Suzuki,258,Ignis Crossover,,
30,Suzuki,244,Jimny,,
30,Suzuki,281,Kizashi,,
30,Suzuki,276,Liana,,
30,Suzuki,1274,Reno,,
30,Suzuki,1552,S-Cross,,
30,Suzuki,1225,S-Presso,,
30,Suzuki,274,SX4,,
30,Suzuki,260,Swift,5976,GLX
30,Suzuki,233,Vitara,,
30,Suzuki,282,XL7,,
128,TANK,1110,300,6320,HEV
128,TANK,1110,300,6319,High Grade
128,TANK,1194,500,6917,Elite  Black Edition
128,TANK,1194,500,6321,STD
128,TANK,1747,700,6868,STD
29,Tata,235,Indica,,
29,Tata,236,Indigo,,
29,Tata,1434,Safari,,
29,Tata,234,Xenon,,
28,Tesla,237,Cybertruck,6406,Cyberbeast
28,Tesla,1095,Model 3,6135,Long Range AWD
28,Tesla,1095,Model 3,6136,Long Range RWD
28,Tesla,1095,Model 3,6134,Performance AWD
28,Tesla,239,Model S,6404,Plaid
28,Tesla,238,Model X,6403,Long Range AWD
28,Tesla,238,Model X,6402,Plaid
28,Tesla,1093,Model Y,6629,AWD Performance 
28,Tesla,1093,Model Y,6401,Long Range AWD
28,Tesla,1093,Model Y,6400,Long Range RWD
27,Toyota,928,4Runner,4842,Limited
27,Toyota,928,4Runner,4477,SR5
27,Toyota,928,4Runner,5994,TRD Off-Road
27,Toyota,928,4Runner,5989,TRD Sport
27,Toyota,1255,Alphard,,
27,Toyota,1294,Aristo,,
27,Toyota,255,Aurion,,
27,Toyota,929,Auris,,
27,Toyota,289,Avalon,4000,Limited
27,Toyota,289,Avalon,4833,SE
27,Toyota,289,Avalon,5410,Touring
27,Toyota,289,Avalon,4836,XL
27,Toyota,289,Avalon,4002,XLE
27,Toyota,289,Avalon,4001,XSE
27,Toyota,251,Avanza,,
27,Toyota,930,Avensis,,
27,Toyota,931,CH-R,4530,GX
27,Toyota,931,CH-R,4080,Limited
27,Toyota,1616,Caldina,,
27,Toyota,254,Camry,6128,E Plus
27,Toyota,254,Camry,3988,GLE
27,Toyota,254,Camry,6191,GLE HEV LIMITED
27,Toyota,254,Camry,4816,GLI
27,Toyota,254,Camry,4814,GLX
27,Toyota,254,Camry,5904,Grande
27,Toyota,254,Camry,6182,High Grade (Hybrid)
27,Toyota,254,Camry,3989,LE
27,Toyota,254,Camry,6178,Mid Grade (Hybrid)
27,Toyota,254,Camry,3986,SE
27,Toyota,254,Camry,5556,TRD
27,Toyota,254,Camry,3987,XLE
27,Toyota,254,Camry,3985,XSE
27,Toyota,1586,Camry Solara,,
27,Toyota,1383,Carina,,
27,Toyota,1474,Celica,,
27,Toyota,1418,Celsior,,
27,Toyota,1350,Chaser,,
27,Toyota,989,Coaster,,
27,Toyota,245,Corolla,4853,GLI
27,Toyota,245,Corolla,6260,High Grade (Hybrid)
27,Toyota,245,Corolla,3953,L
27,Toyota,245,Corolla,3970,LE
27,Toyota,245,Corolla,4504,Limited
27,Toyota,245,Corolla,6261,Mid Grade (Gasoline)
27,Toyota,245,Corolla,6262,Mid Grade (Hybrid)
27,Toyota,245,Corolla,4854,S
27,Toyota,245,Corolla,3968,SE
27,Toyota,245,Corolla,4503,Sport
27,Toyota,245,Corolla,4852,Standard 
27,Toyota,245,Corolla,3969,XLE
27,Toyota,245,Corolla,4527,XLI
27,Toyota,245,Corolla,3967,XSE
27,Toyota,1011,Corolla Cross,5866,High Grade
27,Toyota,1011,Corolla Cross,5749,LE
27,Toyota,1011,Corolla Cross,5478,Mid Grade
27,Toyota,1011,Corolla Cross,5735,XLE
27,Toyota,1011,Corolla Cross,6530,XSE
27,Toyota,1739,Corolla Fielder,,
27,Toyota,1468,Corolla Hatchback,6308,Nightshade
27,Toyota,1468,Corolla Hatchback,6309,SE
27,Toyota,1530,Corolla iM,,
27,Toyota,932,Corona,,
27,Toyota,1270,Cresta,,
27,Toyota,933,Crown,6269,High Grade (Hybrid)
27,Toyota,933,Crown,6263,High Grade Turbo (Two-Tone)
27,Toyota,933,Crown,6037,Limited
27,Toyota,933,Crown,5913,Majesta
27,Toyota,933,Crown,6070,Platinum
27,Toyota,933,Crown,6168,Royal
27,Toyota,933,Crown,6612,XLE
27,Toyota,1514,Crown Comfort,,
27,Toyota,1170,Crown Kluger,,
27,Toyota,1574,Crown Signia,6510,XLE
27,Toyota,1745,Dyna,,
27,Toyota,1260,Echo,,
27,Toyota,256,FJ Cruiser,5964,Final Edition
27,Toyota,256,FJ Cruiser,4471,GXR
27,Toyota,286,Fortuner,4452,EXR
27,Toyota,286,Fortuner,5657,GX
27,Toyota,286,Fortuner,4079,GXR
27,Toyota,286,Fortuner,4830,SR5
27,Toyota,286,Fortuner,4829,TRD
27,Toyota,286,Fortuner,4078,VXR
27,Toyota,1267,Frontlander,,
27,Toyota,1724,GR Corolla,,
27,Toyota,1236,GR86,6271,Automatic
27,Toyota,1236,GR86,6270,Manual
27,Toyota,1236,GR86,6726,Premium 
27,Toyota,321,GT 86,,
27,Toyota,1338,Grand Highlander,6615,Limited
27,Toyota,1338,Grand Highlander,6228,Platinum
27,Toyota,1338,Grand Highlander,6106,XLE
27,Toyota,240,Granvia,,
27,Toyota,241,Hiace,6284,Commuter
27,Toyota,241,Hiace,4506,Commuter High Roof 
27,Toyota,241,Hiace,4508,GL 
27,Toyota,241,Hiace,6791,Van
27,Toyota,934,Highlander,5734,GLE 
27,Toyota,934,Highlander,6511,High Grade 
27,Toyota,934,Highlander,4086,LE
27,Toyota,934,Highlander,4084,Limited
27,Toyota,934,Highlander,4083,Platinium
27,Toyota,934,Highlander,4085,XLE
27,Toyota,934,Highlander,5655,XSE
27,Toyota,253,Hilux,5406,Adventure
27,Toyota,253,Hilux,3983,Double Cab 4x2
27,Toyota,253,Hilux,3982,Double Cab 4x4
27,Toyota,253,Hilux,5793,Double Cab 4x4 ( V6)
27,Toyota,253,Hilux,5615,GR Sport
27,Toyota,253,Hilux,3984,Single Cab 4x2
27,Toyota,253,Hilux,4509,TRD(V6)
27,Toyota,252,Innova,6281,HEV
27,Toyota,252,Innova,6127,V
27,Toyota,1206,Ipsum,,
27,Toyota,249,Land Cruiser,6512, GR HEV
27,Toyota,249,Land Cruiser,3972,EX.R
27,Toyota,249,Land Cruiser,5477,G-XR Twin-Turbo
27,Toyota,249,Land Cruiser,6049,G-XR Twin-Turbo LIMITED
27,Toyota,249,Land Cruiser,5592,GR
27,Toyota,249,Land Cruiser,5771,GR Twin Turbo
27,Toyota,249,Land Cruiser,3977,GX
27,Toyota,249,Land Cruiser,3976,GX.R 
27,Toyota,249,Land Cruiser,5765,GX.R  Full Option 
27,Toyota,249,Land Cruiser,5472,GX.R Grand Touring
27,Toyota,249,Land Cruiser,5766,GX.R Limited
27,Toyota,249,Land Cruiser,5438,GX.R.i
27,Toyota,249,Land Cruiser,6242,VX
27,Toyota,249,Land Cruiser,5767,VX  Full Option 
27,Toyota,249,Land Cruiser,5769,VX 3.5L Twin Turbo
27,Toyota,249,Land Cruiser,5475,VX 3.5L Twin-Turbo
27,Toyota,249,Land Cruiser,6565,VX HEV 
27,Toyota,249,Land Cruiser,5768,VX Limited 
27,Toyota,249,Land Cruiser,6518,VX Twin Turbo Limited
27,Toyota,249,Land Cruiser,3974,VX.R 
27,Toyota,249,Land Cruiser,6427,VX.R Grand Touring
27,Toyota,249,Land Cruiser,6566,VX.R HEV 
27,Toyota,249,Land Cruiser,5770,VX.R Twin Turbo
27,Toyota,249,Land Cruiser,3973,VX.S
27,Toyota,287,Land Cruiser 70,4472,Double Cabin
27,Toyota,287,Land Cruiser 70,4473,Single Cabin
27,Toyota,248,Land Cruiser 70 Pickup,4511,Hard Top
27,Toyota,1134,Land Cruiser 76,,
27,Toyota,288,Land Cruiser Prado,6174,A4 Adventure
27,Toyota,288,Land Cruiser Prado,6079,Adventure
27,Toyota,288,Land Cruiser Prado,6277,All Rounder
27,Toyota,288,Land Cruiser Prado,4832,GX
27,Toyota,288,Land Cruiser Prado,4514,GXR
27,Toyota,288,Land Cruiser Prado,6951,R2
27,Toyota,288,Land Cruiser Prado,6382,R3
27,Toyota,288,Land Cruiser Prado,6278,Standard
27,Toyota,288,Land Cruiser Prado,4053,TX
27,Toyota,288,Land Cruiser Prado,3999,TXL
27,Toyota,288,Land Cruiser Prado,3998,TXS
27,Toyota,288,Land Cruiser Prado,3997,VX
27,Toyota,288,Land Cruiser Prado,5427,VX.R
27,Toyota,288,Land Cruiser Prado,4513,VXL
27,Toyota,1230,Mark II,,
27,Toyota,935,Matrix,,
27,Toyota,1444,Noah,,
27,Toyota,936,Paseo,,
27,Toyota,247,Previa,4515,SE
27,Toyota,242,Prius,4518,L Eco
27,Toyota,1425,Prius C,,
27,Toyota,1462,Prius Prime,,
27,Toyota,1780,Proace City,6936,GX
27,Toyota,257,RAV4,5958, XLE HEV (High) 
27,Toyota,257,RAV4,6786, XLE HEV (Mid) 
27,Toyota,257,RAV4,4520,Adventure
27,Toyota,257,RAV4,4521,GXR 
27,Toyota,257,RAV4,6169,HEV
27,Toyota,257,RAV4,3993,High Grade
27,Toyota,257,RAV4,3992,LE
27,Toyota,257,RAV4,5957,LE HEV
27,Toyota,257,RAV4,3990,Limited
27,Toyota,257,RAV4,5960,Limited HEV
27,Toyota,257,RAV4,3994,Mid Grade
27,Toyota,257,RAV4,4824,SE
27,Toyota,257,RAV4,5961,SE Hybrid
27,Toyota,257,RAV4,6007,Woodland Edition
27,Toyota,257,RAV4,3991,XLE
27,Toyota,257,RAV4,6143,XLE Premium
27,Toyota,257,RAV4,5439,XSE
27,Toyota,257,RAV4,5959,XSE HEV
27,Toyota,1124,Raize,,
27,Toyota,246,Rush,4524,EX
27,Toyota,1211,Scion tC,,
27,Toyota,1252,Scion xB,,
27,Toyota,250,Sequoia,4457,Limited
27,Toyota,250,Sequoia,4456,Platinum
27,Toyota,250,Sequoia,4458,TRD
27,Toyota,250,Sequoia,5936,TRD Off-Road 
27,Toyota,250,Sequoia,6059,TRD Pro
27,Toyota,937,Sienna,5884,LE
27,Toyota,937,Sienna,6002,XLE
27,Toyota,937,Sienna,6354,XSE
27,Toyota,320,Supra,4528,GR
27,Toyota,1620,T100,,
27,Toyota,938,Tacoma,4093,SR
27,Toyota,938,Tacoma,4092,SR5
27,Toyota,938,Tacoma,4089,TRD Pro
27,Toyota,938,Tacoma,4091,TRD Sport
27,Toyota,1221,Tercel,,
27,Toyota,1423,TownAce,,
27,Toyota,1580,ToyoAce,,
27,Toyota,939,Tundra,4095,1794 Edition
27,Toyota,939,Tundra,4097,Limited
27,Toyota,939,Tundra,4096,Platinium
27,Toyota,939,Tundra,5534,TRD Sport
27,Toyota,1184,Urban Cruiser,6273,GLX
27,Toyota,1184,Urban Cruiser,6790,High grade
27,Toyota,1427,Veloz,,
27,Toyota,940,Venza,6048,Limited
27,Toyota,940,Venza,6000,XLE
27,Toyota,1408,Voxy,,
27,Toyota,991,Wigo,,
27,Toyota,1399,Wish,,
27,Toyota,322,Yaris,4837,Basic
27,Toyota,322,Yaris,5440,E
27,Toyota,322,Yaris,5507,G
27,Toyota,322,Yaris,4005,LE
27,Toyota,322,Yaris,4838,Mid Grade
27,Toyota,322,Yaris,4839,S
27,Toyota,322,Yaris,4526,SE
27,Toyota,322,Yaris,4840,Sport
27,Toyota,1360,Yaris Cross,,
27,Toyota,1396,Yaris iA,,
27,Toyota,243,Zelas,,
27,Toyota,1381,bZ3,,
27,Toyota,1188,bZ4X,,
27,Toyota,1697,bZ5,,
27,Toyota,323,xA,,
95,UAZ,1119,Hunter,,
95,UAZ,1039,Patriot,,
95,UAZ,1030,Pickup,,
145,Vanderhall,1713,Carmel,,
145,Vanderhall,1629,Venice,,
26,Volkswagen,325,Amarok,,
26,Volkswagen,318,Arteon,4990,R-Line
26,Volkswagen,318,Arteon,5872,SEL Premium R-Line
26,Volkswagen,342,Atlas,6255,Peak Edition SE with Technology
26,Volkswagen,342,Atlas,5521,R-Line
26,Volkswagen,342,Atlas,5048,SE
26,Volkswagen,342,Atlas,5047,SEL
26,Volkswagen,342,Atlas,6961,SEL Peak Edition
26,Volkswagen,342,Atlas,5817,SEL Premium
26,Volkswagen,342,Atlas,5906,SEL Premium R-Line
26,Volkswagen,342,Atlas,5857,SEL R-Line
26,Volkswagen,1173,Atlas Cross Sport,5934,SE
26,Volkswagen,1173,Atlas Cross Sport,6226,SE R-Line
26,Volkswagen,1173,Atlas Cross Sport,5933,SEL
26,Volkswagen,1173,Atlas Cross Sport,5931,SEL Premium
26,Volkswagen,1173,Atlas Cross Sport,5930,SEL Premium R-Line
26,Volkswagen,1173,Atlas Cross Sport,5932,SEL R-Line
26,Volkswagen,328,Beetle,5003,S
26,Volkswagen,328,Beetle,5004,Standard
26,Volkswagen,328,Beetle,4997,Turbo S
26,Volkswagen,1094,Bora,,
26,Volkswagen,1086,Caddy,,
26,Volkswagen,326,Eos,,
26,Volkswagen,329,Golf,5009,GTI
26,Volkswagen,329,Golf,5707,GTI Clubsport
26,Volkswagen,329,Golf,5008,R-line
26,Volkswagen,329,Golf,5013,SE
26,Volkswagen,329,Golf,5012,SEL
26,Volkswagen,327,Golf Plus,,
26,Volkswagen,331,Golf R,,
26,Volkswagen,1147,ID.3,,
26,Volkswagen,1116,ID.4,5776,Crozz
26,Volkswagen,1116,ID.4,6606,Pro S
26,Volkswagen,1116,ID.4,5881,X
26,Volkswagen,1145,ID.6,6709,Crozz
26,Volkswagen,1145,ID.6,6024,Pro
26,Volkswagen,333,Jetta,5016,Comfortline
26,Volkswagen,333,Jetta,5017,GLI
26,Volkswagen,333,Jetta,6250,GLI Autobahn
26,Volkswagen,333,Jetta,5423,R-Line
26,Volkswagen,333,Jetta,5020,S
26,Volkswagen,333,Jetta,5019,SE
26,Volkswagen,333,Jetta,5018,SEL
26,Volkswagen,333,Jetta,5498,SEL Premium
26,Volkswagen,333,Jetta,5413,tsi
26,Volkswagen,1285,Jetta VS7,,
26,Volkswagen,343,Multivan,,
26,Volkswagen,1049,Multivan Alltrack,,
26,Volkswagen,341,Passat,5883,Limited Edition
26,Volkswagen,341,Passat,5044,R-line
26,Volkswagen,341,Passat,5043,S
26,Volkswagen,341,Passat,5042,SE
26,Volkswagen,341,Passat,5041,SEL
26,Volkswagen,344,Passat CC,5054,Luxury 
26,Volkswagen,344,Passat CC,5053,Sport
26,Volkswagen,339,Phaeton,,
26,Volkswagen,336,Polo,,
26,Volkswagen,1373,Routan,,
26,Volkswagen,334,Scirocco,,
26,Volkswagen,338,Sharan,,
26,Volkswagen,1438,T-Cross,,
26,Volkswagen,1108,T-Roc,,
26,Volkswagen,1126,Taigo,,
26,Volkswagen,1077,Taos,6088,S
26,Volkswagen,1077,Taos,5737,SE
26,Volkswagen,1077,Taos,5952,SEL
26,Volkswagen,337,Tiguan,5031,R-Line
26,Volkswagen,337,Tiguan,5034,S
26,Volkswagen,337,Tiguan,5033,SE
26,Volkswagen,337,Tiguan,6005,SE R-Line Black
26,Volkswagen,317,Touareg,,
26,Volkswagen,340,Touran,,
26,Volkswagen,1340,Transporter,,
26,Volkswagen,1518,Vento,,
26,Volkswagen,1359,e-Tharu,,
25,Volvo,1475,240,,
25,Volvo,1539,244 GLE,,
25,Volvo,1642,440,,
25,Volvo,1344,740,,
25,Volvo,1165,940,,
25,Volvo,1623,960,,
25,Volvo,292,C30,,
25,Volvo,304,C70,,
25,Volvo,298,S40,,
25,Volvo,297,S60,6330,R-Design
25,Volvo,297,S60,5561,T5 R
25,Volvo,299,S60 Polestar,,
25,Volvo,294,S80,,
25,Volvo,293,S90,,
25,Volvo,291,V40,,
25,Volvo,303,V50,,
25,Volvo,301,V60,,
25,Volvo,302,V60 Polestar,,
25,Volvo,306,V70,,
25,Volvo,296,V90,,
25,Volvo,307,XC40,,
25,Volvo,300,XC60,,
25,Volvo,305,XC70,,
25,Volvo,295,XC90,,
154,Voyah,1709,Courage,,
154,Voyah,1707,Dream,6784,Luxury 
154,Voyah,1706,Free,6782,4WD
154,Voyah,1786,Taishan,,
148,Wuling,1643,Binguo,,
119,XEV,1327,Yoyo Pro,,
157,XPeng,1699,P7,,
143,Xiaomi,1615,SU7,,
152,YANGWANG,1663,U8,,
97,ZX AUTO,1583,Admiral,,
97,ZX AUTO,1046,Grand Tiger,,
97,ZX AUTO,1122,Terralord,5791,Economy
116,Zimmer,1263,Golden Spirit,,
92,Zotye,1178,Domy X5,,
92,Zotye,971,Domy X7,,
92,Zotye,1535,Hunter,,
92,Zotye,312,SR9,,
92,Zotye,924,T300,,
92,Zotye,313,T600,,
92,Zotye,314,T600 Sport,,
92,Zotye,808,T700,,
92,Zotye,311,Z100,,
92,Zotye,1316,Z300,,
135,Zyle Daewoo Commercial Vehicle,1549,BS106,,
